,state_1,state_2,state_3,state_4,state_5,state_6,state_7,state_8,state_9,state_10,state_11,state_12,state_13,state_14,state_15,state_16,state_17,state_18,state_19,state_20,state_21,state_22,state_23,state_24,moves,minmumStep_to_win
0,0,0,0,0,5,5,1,1,1,1,2,2,3,3,3,3,2,2,4,4,4,4,5,5,U',1
1,5,1,5,0,4,0,4,0,3,5,4,5,2,3,2,4,1,1,3,3,2,0,2,1,R U,2
2,3,5,3,2,1,4,1,4,5,3,2,3,0,5,0,2,4,4,1,1,0,2,0,5,R U2,2
3,0,0,4,4,0,1,0,1,2,2,2,2,1,1,3,3,4,3,4,3,5,5,5,5,F',1
4,5,5,5,5,0,0,1,1,4,4,0,0,2,2,2,2,3,3,4,4,1,1,3,3,U,1
5,3,3,0,0,1,4,1,4,2,2,2,2,3,3,0,0,1,4,1,4,5,5,5,5,F2,1
6,0,2,5,2,0,3,4,1,3,1,4,2,3,0,3,5,4,1,2,5,1,5,0,4,F2 R2 U F,4
7,4,0,4,0,2,2,2,2,3,4,3,4,1,3,1,3,5,5,5,5,1,0,1,0,R,1
8,0,5,1,1,3,1,5,4,2,2,3,0,4,1,3,2,4,0,4,2,3,5,0,5,F' R F2,3
9,5,0,3,0,4,4,1,1,2,5,2,3,0,5,2,5,4,1,4,1,2,3,0,3,R' F2 R',3
10,0,0,0,0,1,1,4,4,2,2,5,5,3,3,3,3,4,4,1,1,5,5,2,2,U2,1
11,1,1,4,4,5,2,5,2,0,0,0,0,1,1,4,4,5,2,5,2,3,3,3,3,F2,1
12,2,5,2,5,1,1,4,4,0,0,0,0,2,5,2,5,1,1,4,4,3,3,3,3,R2 U2 R2,3
13,4,4,2,2,4,5,2,1,0,0,3,3,1,1,5,5,2,1,4,5,3,3,0,0,U2 F',2
14,4,0,4,0,5,5,0,1,0,1,2,2,1,1,3,3,2,2,4,3,4,3,5,5,U' F',2
15,4,4,4,4,0,0,2,2,2,2,3,3,1,1,1,1,3,3,5,5,5,5,0,0,U',1
16,0,0,1,1,3,1,3,1,2,2,2,2,4,4,3,3,4,0,4,0,5,5,5,5,F,1
17,5,0,5,0,1,1,1,1,0,2,0,2,2,3,2,3,4,4,4,4,5,3,5,3,R',1
18,0,3,0,3,4,4,4,4,5,2,5,2,3,0,3,0,1,1,1,1,5,2,5,2,R2,1
19,0,3,1,4,0,1,3,4,2,2,5,5,4,1,0,3,4,0,1,3,2,5,2,5,F' U2 R2,3
20,0,0,3,3,1,4,1,4,5,5,5,5,0,0,3,3,1,4,1,4,2,2,2,2,F2,1
21,0,3,0,3,5,2,5,2,1,4,1,4,3,0,3,0,5,2,5,2,4,1,4,1,F2 R2,2
22,0,0,0,0,5,5,4,4,1,1,5,5,3,3,3,3,2,2,1,1,4,4,2,2,U,1
23,2,3,0,5,4,1,4,1,5,3,2,0,0,5,2,3,4,1,4,1,2,0,5,3,U2 F2 R',3
24,0,2,5,3,4,1,4,1,3,2,3,2,2,0,3,5,4,1,4,1,0,5,0,5,F2 R',2
25,1,1,0,0,4,0,4,0,5,5,5,5,3,3,4,4,3,1,3,1,2,2,2,2,F,1
26,0,5,0,5,1,1,1,1,2,0,2,0,3,2,3,2,4,4,4,4,3,5,3,5,R,1
27,1,3,4,5,0,2,0,5,3,4,2,4,1,2,1,0,2,5,3,3,4,0,1,5,R' U R2,3
28,3,0,3,0,1,1,1,1,5,2,5,2,0,3,0,3,4,4,4,4,5,2,5,2,R2,1
29,3,5,0,5,4,4,1,1,2,3,2,0,3,2,0,2,1,4,1,4,0,5,3,5,R F2,2
30,3,3,3,3,4,4,2,2,2,2,1,1,0,0,0,0,1,1,5,5,5,5,4,4,U',1
31,4,5,1,3,2,0,2,3,5,1,0,1,4,0,4,2,0,3,5,5,1,2,4,3,R' U R2,3
32,5,3,5,3,1,1,1,1,0,5,0,5,2,0,2,0,4,4,4,4,2,3,2,3,R,1
33,3,1,4,0,4,0,4,0,2,5,2,5,1,3,0,4,1,3,1,3,2,5,2,5,R2 F,2
34,1,0,0,0,2,2,4,2,4,4,0,5,5,3,4,3,5,5,3,1,1,3,1,2,F R' U',3
35,0,1,0,1,5,5,0,4,1,3,5,5,4,4,3,3,2,2,1,3,0,4,2,2,U F',2
36,5,5,3,1,5,4,1,1,4,3,5,0,4,2,0,2,1,2,4,3,0,0,3,2,U R' F,3
37,3,5,3,4,5,1,2,2,5,0,3,1,2,0,1,0,4,4,5,1,3,2,4,0,U2 R' F',3
38,4,0,2,2,3,2,1,2,4,4,3,3,5,5,1,3,5,0,5,4,1,0,1,0,F R,2
39,0,0,0,0,4,4,1,1,5,5,2,2,3,3,3,3,1,1,4,4,2,2,5,5,U2,1
40,1,4,1,4,3,0,3,0,2,5,2,5,4,1,4,1,3,0,3,0,5,2,5,2,F2 R2,2
41,0,0,5,5,3,5,3,5,1,1,1,1,2,2,3,3,2,0,2,0,4,4,4,4,F,1
42,1,1,3,3,4,3,4,3,5,2,5,2,0,0,1,1,0,4,0,4,5,5,2,2,F' U2 F2,3
43,5,3,1,1,0,1,2,1,5,5,0,0,4,4,2,0,4,3,4,5,2,3,2,3,F R,2
44,0,0,0,0,2,2,4,4,4,4,5,5,3,3,3,3,5,5,1,1,1,1,2,2,U',1
45,0,3,0,3,5,5,2,2,4,4,1,1,3,0,3,0,5,5,2,2,1,1,4,4,R2 U2,2
46,1,1,2,3,4,2,0,2,0,2,0,1,4,5,4,0,5,1,5,5,3,3,4,3,U' R U,3
47,2,2,2,2,0,0,3,3,1,1,4,4,5,5,5,5,3,3,0,0,4,4,1,1,U2,1
48,0,0,0,0,2,2,1,1,4,4,2,2,3,3,3,3,5,5,4,4,1,1,5,5,U,1
49,4,1,4,1,3,0,3,0,5,2,5,2,1,4,1,4,3,0,3,0,2,5,2,5,F2 R2,2
50,5,5,2,2,0,3,0,3,1,1,1,1,5,5,2,2,0,3,0,3,4,4,4,4,F2,1
51,4,4,4,4,2,2,0,0,3,3,2,2,1,1,1,1,5,5,3,3,0,0,5,5,U,1
52,2,4,0,2,1,2,3,3,4,3,2,4,3,5,5,5,0,5,0,4,0,1,1,1,R' F' R,3
53,0,5,0,2,1,4,1,4,5,3,2,3,3,5,3,2,1,1,4,4,0,2,0,5,R' U2,2
54,3,3,4,4,0,4,0,4,2,2,2,2,1,1,0,0,1,3,1,3,5,5,5,5,F,1
55,2,2,5,5,4,1,4,1,3,3,3,3,2,2,5,5,4,1,4,1,0,0,0,0,F2,1
56,0,1,4,3,4,3,1,0,5,2,5,2,4,3,0,1,1,0,4,3,5,2,5,2,U2 R2 F,3
57,3,5,2,2,0,1,4,2,1,1,0,5,5,3,0,0,4,3,5,1,3,2,4,4,F2 U F',3
58,2,3,2,3,1,1,1,1,3,5,3,5,5,0,5,0,4,4,4,4,2,0,2,0,R',1
59,1,4,5,5,1,2,0,3,0,0,4,2,2,1,2,4,5,4,3,3,0,3,5,1,U R' U2,3
60,5,5,0,0,5,3,1,1,1,1,0,2,2,3,2,3,0,2,4,4,4,4,5,3,U' R',2
61,1,1,4,4,0,3,5,2,5,2,3,0,4,1,4,1,3,0,5,2,5,2,0,3,U' F2 R2,3
62,2,2,5,5,3,0,3,0,1,1,1,1,2,2,5,5,3,0,3,0,4,4,4,4,F2,1
63,5,4,0,4,2,2,0,0,4,3,4,2,3,1,2,1,3,5,3,5,0,1,5,1,R' F,2
64,4,1,4,1,2,5,2,5,3,0,3,0,1,4,1,4,2,5,2,5,0,3,0,3,F2 R2,2
65,0,4,1,3,2,5,0,1,0,1,2,5,3,4,1,0,2,5,3,4,3,4,2,5,U' R2 F,3
66,5,5,2,2,4,1,4,1,0,0,0,0,5,5,2,2,4,1,4,1,3,3,3,3,F2,1
67,5,2,5,2,1,1,1,1,0,3,0,3,2,5,2,5,4,4,4,4,0,3,0,3,R2,1
68,1,0,1,0,5,5,3,1,3,1,2,2,4,4,3,3,2,2,4,0,4,0,5,5,U' F,2
69,2,2,1,1,5,1,0,0,3,3,5,1,4,5,4,5,4,2,3,3,0,0,4,2,U R,2
70,5,0,5,4,0,1,0,1,0,2,4,2,2,1,2,3,4,4,3,3,5,3,5,1,R' U',2
71,5,4,2,4,3,3,0,0,1,5,1,2,5,1,2,1,0,3,0,3,2,4,5,4,R F2,2
72,2,0,2,0,4,4,1,1,0,5,2,3,3,5,3,5,1,1,4,4,2,3,0,5,U2 R',2
73,4,5,1,5,0,0,3,0,2,4,4,5,2,1,2,4,3,0,3,3,1,5,2,1,U2 R U2,3
74,3,3,3,3,2,2,1,1,1,1,5,5,0,0,0,0,5,5,4,4,4,4,2,2,U',1
75,5,5,1,1,5,4,5,4,3,3,3,3,4,4,2,2,1,2,1,2,0,0,0,0,F',1
76,0,0,3,3,2,4,5,5,1,1,2,4,3,0,3,0,1,5,4,4,2,2,1,5,U' R2 U',3
77,3,5,2,0,4,1,4,1,0,5,0,5,5,3,0,2,4,1,4,1,3,2,3,2,F2 R',2
78,0,0,3,3,4,1,2,2,2,2,4,1,3,0,3,0,4,1,5,5,5,5,4,1,U' R2,2
79,1,3,1,3,5,5,1,0,3,4,5,5,0,0,4,4,2,2,3,4,1,0,2,2,U F',2
80,0,0,3,3,4,1,4,1,2,2,2,2,0,0,3,3,4,1,4,1,5,5,5,5,F2,1
81,1,2,1,2,0,0,0,0,5,1,5,1,4,5,4,5,3,3,3,3,4,2,4,2,R,1
82,4,5,0,4,2,0,5,1,2,3,3,4,1,0,0,2,3,4,2,5,1,5,3,1,R' U' F2 R,4
83,3,0,3,0,2,2,1,4,1,4,2,2,3,3,0,0,5,5,1,4,1,4,5,5,U F2,2
84,5,0,2,0,4,4,1,1,3,5,3,2,5,3,2,3,1,4,1,4,2,0,5,0,R F2,2
85,5,5,0,0,2,0,3,5,4,4,1,1,2,2,3,3,3,5,2,0,1,1,4,4,U2 F,2
86,5,2,4,4,5,4,2,4,0,0,3,3,1,1,2,5,1,2,1,5,3,0,3,0,F R2,2
87,1,4,1,4,3,3,3,3,2,5,2,5,4,1,4,1,0,0,0,0,2,5,2,5,R2,1
88,3,0,3,0,2,2,2,4,2,4,4,4,3,3,0,0,1,1,1,5,1,5,5,5,U F2 U',3
89,1,1,2,2,4,2,4,2,0,0,0,0,5,5,4,4,5,1,5,1,3,3,3,3,F,1
90,1,1,1,1,5,5,2,2,3,3,0,0,4,4,4,4,2,2,5,5,0,0,3,3,U2,1
91,1,1,0,0,1,3,1,3,2,2,2,2,3,3,4,4,0,4,0,4,5,5,5,5,F',1
92,3,3,1,1,3,4,3,4,2,2,2,2,4,4,0,0,1,0,1,0,5,5,5,5,F',1
93,2,4,2,4,0,0,0,0,1,2,1,2,5,1,5,1,3,3,3,3,5,4,5,4,R,1
94,5,0,5,0,1,1,5,3,0,2,1,1,3,3,2,2,4,4,0,2,5,3,4,4,U F',2
95,2,4,2,3,1,3,1,3,4,5,3,5,5,0,5,1,0,0,4,4,2,1,2,0,R' U,2
96,0,0,4,4,5,2,5,2,3,0,3,0,1,1,3,3,2,5,2,5,1,4,1,4,R2 F2 R',3
97,0,3,0,3,2,2,4,1,4,1,2,2,0,0,3,3,5,5,4,1,4,1,5,5,U F2,2
98,4,4,4,4,3,3,2,2,5,5,3,3,1,1,1,1,0,0,5,5,2,2,0,0,U,1
99,3,0,3,0,1,1,5,5,4,2,5,1,0,3,0,3,2,2,4,4,5,1,4,2,R2 U,2
100,5,1,4,0,4,0,2,2,3,5,3,0,1,4,2,4,1,5,3,5,2,0,3,1,R F U,3
101,4,4,0,0,1,0,1,0,2,2,2,2,3,3,1,1,3,4,3,4,5,5,5,5,F,1
102,4,0,1,5,0,2,5,3,3,4,2,1,4,3,1,2,3,2,5,0,1,5,4,0,R F2 U',3
103,5,5,5,5,3,3,4,4,1,1,3,3,2,2,2,2,0,0,1,1,4,4,0,0,U,1
104,0,4,0,4,5,5,1,0,1,0,2,2,3,3,1,1,2,2,3,4,3,4,5,5,U' F,2
105,0,0,4,5,0,2,2,4,2,4,4,3,3,1,3,2,5,3,5,5,1,1,0,1,U' R' U,3
106,4,2,2,5,3,4,3,0,0,1,4,1,0,2,5,5,3,1,0,2,3,5,4,1,R' U R' F,4
107,5,0,3,2,4,1,4,1,2,0,2,0,0,5,2,3,4,1,4,1,5,3,5,3,F2 R',2
108,0,0,0,0,1,1,2,2,2,2,4,4,3,3,3,3,4,4,5,5,5,5,1,1,U',1
109,1,1,0,0,1,3,5,5,2,2,1,3,3,4,3,4,0,4,2,2,5,5,0,4,U R',2
110,5,5,2,2,0,1,4,3,1,1,0,0,5,5,2,2,4,3,0,1,3,3,4,4,F2 U,2
111,0,0,0,0,2,2,5,5,4,4,1,1,3,3,3,3,5,5,2,2,1,1,4,4,U2,1
112,3,1,3,1,5,5,5,5,4,3,4,3,0,4,0,4,2,2,2,2,0,1,0,1,R,1
113,4,5,3,3,2,3,1,3,1,1,5,5,0,0,1,2,0,5,0,4,4,2,4,2,F R',2
114,5,5,5,5,3,3,1,1,1,1,0,0,2,2,2,2,0,0,4,4,4,4,3,3,U',1
115,5,4,5,4,0,0,0,0,4,2,4,2,2,1,2,1,3,3,3,3,5,1,5,1,R',1
116,5,5,1,5,3,3,3,2,2,1,1,1,0,2,2,0,0,0,4,5,4,4,4,3,R F R' U',4
117,3,1,3,1,5,5,2,2,4,3,0,1,4,0,4,0,2,2,5,5,0,1,4,3,U2 R,2
118,3,2,5,5,0,3,5,4,4,4,4,0,2,1,0,2,1,3,2,3,1,5,0,1,R' F' U F2,4
119,4,4,1,1,3,2,5,0,2,2,3,3,4,4,1,1,5,0,3,2,0,0,5,5,F2 U,2
120,1,2,5,3,1,0,1,4,0,5,1,5,2,0,4,5,3,4,3,0,4,2,3,2,F2 R F,3
121,0,4,1,0,4,3,4,0,5,5,2,5,4,3,3,1,1,3,1,0,2,2,5,2,R2 F' R2,3
122,1,1,3,3,4,3,4,3,2,2,2,2,0,0,4,4,0,1,0,1,5,5,5,5,F,1
123,0,0,3,3,4,1,4,1,5,2,5,2,0,0,3,3,1,4,1,4,5,2,5,2,R2 F2,2
124,0,0,4,4,0,1,5,5,2,2,0,1,1,3,1,3,4,3,2,2,5,5,4,3,U R',2
125,0,5,3,2,4,4,1,1,5,0,2,3,3,5,0,2,1,4,1,4,0,2,3,5,R U2 F2,3
126,5,0,5,1,3,1,3,1,0,2,1,2,2,4,2,3,4,4,0,0,5,3,5,4,R' U,2
127,0,0,5,5,0,2,0,2,4,4,4,4,2,2,3,3,5,3,5,3,1,1,1,1,F',1
128,2,0,2,0,1,1,1,1,3,2,3,2,5,3,5,3,4,4,4,4,5,0,5,0,R,1
129,5,3,4,0,1,2,5,4,3,2,0,1,2,3,1,0,1,5,2,4,4,0,5,3,R' U2 F,3
130,0,2,0,2,1,1,1,1,2,3,2,3,3,5,3,5,4,4,4,4,0,5,0,5,R',1
131,5,1,0,1,5,5,3,3,1,3,1,2,3,4,2,4,0,2,0,2,0,4,5,4,R' F',2
132,3,2,5,0,4,1,4,1,3,5,3,5,2,3,0,5,4,1,4,1,0,2,0,2,F2 R,2
133,3,3,0,0,5,2,5,2,1,1,1,1,3,3,0,0,5,2,5,2,4,4,4,4,F2,1
134,5,1,4,1,5,5,5,3,0,3,1,3,3,4,1,2,0,2,0,2,0,4,4,2,U F' R' F',4
135,2,2,5,5,1,4,1,4,0,0,0,0,2,2,5,5,1,4,1,4,3,3,3,3,F2,1
136,2,2,3,3,5,3,1,1,4,4,5,3,0,5,0,5,0,2,4,4,1,1,0,2,U R,2
137,5,0,2,4,5,1,0,3,1,0,1,2,5,1,2,2,4,3,0,3,5,3,4,4,F' U F',3
138,4,4,1,1,3,0,3,0,2,2,2,2,4,4,1,1,3,0,3,0,5,5,5,5,F2,1
139,4,4,3,3,1,0,1,0,5,5,2,2,3,3,1,1,0,4,0,4,5,2,5,2,F' R2 F2,3
140,3,3,1,5,0,1,2,3,5,4,1,1,0,0,2,4,4,3,0,5,2,2,5,4,U2 F R',3
141,3,3,3,3,5,5,4,4,4,4,2,2,0,0,0,0,2,2,1,1,1,1,5,5,U',1
142,1,2,1,3,5,3,5,3,2,4,3,4,4,0,4,5,0,0,2,2,1,5,1,0,R' U,2
143,5,5,5,5,0,0,4,4,4,4,3,3,2,2,2,2,3,3,1,1,1,1,0,0,U',1
144,2,5,2,5,4,4,4,4,0,3,0,3,5,2,5,2,1,1,1,1,0,3,0,3,R2,1
145,0,2,0,4,2,1,2,1,2,3,4,3,3,1,3,5,4,4,5,5,0,5,0,1,R' U',2
146,5,1,5,1,0,0,0,0,4,5,4,5,2,4,2,4,3,3,3,3,2,1,2,1,R,1
147,1,1,4,4,0,5,2,3,2,2,3,3,1,1,4,4,2,3,0,5,0,0,5,5,F2 U',2
148,2,2,0,0,2,3,2,3,4,4,4,4,3,3,5,5,0,5,0,5,1,1,1,1,F',1
149,0,4,5,1,2,3,0,5,4,0,1,5,3,4,2,1,5,3,0,2,2,1,3,4,R U2 F',3
150,3,3,1,4,0,1,0,4,5,2,5,2,4,1,0,0,4,3,1,3,2,2,5,5,F U2,2
151,3,4,3,5,4,2,4,2,2,3,1,3,0,2,0,1,1,1,5,5,0,5,0,4,R U',2
152,5,5,5,5,4,4,1,1,3,3,0,0,2,2,2,2,1,1,4,4,0,0,3,3,U2,1
153,1,4,1,4,5,2,5,2,3,0,3,0,4,1,4,1,5,2,5,2,0,3,0,3,F2 R2,2
154,1,2,0,3,5,0,3,4,1,4,1,2,5,4,0,0,3,2,1,3,4,2,5,5,U2 F U F2,4
155,4,4,3,0,1,3,1,0,5,2,5,2,0,3,1,1,0,4,3,4,2,2,5,5,F U2,2
156,4,0,4,0,5,5,5,5,0,1,0,1,1,3,1,3,2,2,2,2,4,3,4,3,R',1
157,5,1,0,0,5,3,5,4,1,1,1,3,3,4,3,2,0,2,2,2,5,4,0,4,U R' U',3
158,1,1,4,4,0,3,0,3,2,2,2,2,1,1,4,4,0,3,0,3,5,5,5,5,F2,1
159,1,1,4,4,0,3,5,5,2,2,0,3,1,4,1,4,0,3,2,2,5,5,0,3,U R2,2
160,5,5,2,2,3,0,3,0,4,4,4,4,5,5,2,2,3,0,3,0,1,1,1,1,F2,1
161,2,4,3,0,5,3,1,0,5,1,4,2,0,3,1,5,0,4,3,2,2,1,4,5,F U2 R',3
162,0,5,2,3,5,0,5,0,1,4,1,4,5,0,3,2,2,3,2,3,1,4,1,4,R2 F',2
163,0,1,5,5,0,2,1,2,4,4,0,0,2,2,3,4,5,3,5,4,3,1,3,1,F' R,2
164,2,3,5,0,1,1,4,4,3,2,0,5,5,3,2,0,4,1,4,1,2,0,5,3,R U2 F2,3
165,3,0,3,0,5,2,1,4,5,1,4,2,0,3,0,3,1,4,5,2,1,5,2,4,F2 R2 U',3
166,0,2,4,2,0,0,1,1,2,1,2,3,1,5,3,5,4,3,4,3,4,5,0,5,R' F',2
167,0,2,0,1,5,1,5,1,2,3,1,3,3,4,3,5,4,4,2,2,0,5,0,4,R' U,2
168,5,5,1,4,5,1,5,4,3,0,3,0,4,1,2,2,4,2,1,2,3,3,0,0,F' U2,2
169,4,1,4,1,5,5,5,5,0,3,0,3,1,4,1,4,2,2,2,2,0,3,0,3,R2,1
170,3,2,0,0,1,3,2,4,2,2,0,4,4,3,0,5,1,4,1,5,1,5,3,5,F' R' F',3
171,0,3,1,4,0,4,1,3,2,2,5,5,3,0,4,1,4,0,3,1,5,5,2,2,R2 U2 F,3
172,3,3,0,0,1,5,2,4,2,2,4,4,3,3,0,0,2,4,1,5,1,1,5,5,F2 U',2
173,3,4,3,4,2,2,2,2,1,3,1,3,0,1,0,1,5,5,5,5,0,4,0,4,R,1
174,1,1,2,3,1,0,3,5,3,5,2,4,4,5,4,0,3,4,0,0,2,2,1,5,U' R' U',3
175,3,4,4,0,2,5,3,1,5,4,1,5,3,1,1,0,4,0,5,2,3,2,2,0,R2 U F2 R',4
176,0,5,2,5,1,1,4,4,3,0,3,2,5,0,3,0,1,4,1,4,3,2,5,2,R' F2 R',3
177,2,5,2,5,3,3,3,3,4,1,4,1,5,2,5,2,0,0,0,0,4,1,4,1,R2,1
178,0,2,4,2,3,3,1,4,5,4,5,3,1,5,3,2,1,0,4,0,1,2,0,5,R' F U2,3
179,0,0,2,1,3,2,3,1,4,2,4,2,5,4,3,3,5,0,4,0,1,1,5,5,F U,2
180,5,2,3,4,3,1,2,1,1,5,0,3,2,1,2,5,0,5,4,4,0,4,0,3,R U' R,3
181,5,0,4,4,5,1,0,1,0,0,2,2,1,1,2,3,4,2,4,3,5,3,5,3,F' R',2
182,3,0,3,0,5,5,5,5,4,1,4,1,0,3,0,3,2,2,2,2,4,1,4,1,R2,1
183,0,3,0,3,1,1,1,1,2,5,2,5,3,0,3,0,4,4,4,4,2,5,2,5,R2,1
184,0,3,0,3,1,4,1,4,2,5,2,5,3,0,3,0,1,4,1,4,5,2,5,2,F2 R2,2
185,2,2,1,1,2,4,0,0,0,0,1,5,5,4,5,4,1,5,3,3,3,3,2,4,U' R',2
186,3,0,3,0,2,2,4,4,2,4,1,5,0,3,0,3,1,1,5,5,1,5,2,4,R2 U',2
187,1,1,1,1,5,5,3,3,3,3,2,2,4,4,4,4,2,2,0,0,0,0,5,5,U',1
188,5,1,3,2,3,0,1,0,5,4,5,3,0,5,2,4,1,4,3,4,2,0,2,1,F2 R U,3
189,1,1,1,1,3,3,2,2,2,2,0,0,4,4,4,4,0,0,5,5,5,5,3,3,U',1
190,2,5,2,5,1,1,0,0,1,0,3,4,5,2,5,2,3,3,4,4,3,4,1,0,R2 U',2
191,1,0,3,4,5,2,5,2,4,0,4,0,0,1,4,3,5,2,5,2,1,3,1,3,F2 R',2
192,2,5,2,5,3,0,4,1,0,1,4,3,5,2,5,2,4,1,3,0,1,0,3,4,F2 R2 U,3
193,2,5,2,5,3,3,4,1,4,1,0,0,5,5,2,2,0,0,4,1,4,1,3,3,U' F2,2
194,0,5,3,5,1,1,4,4,5,0,5,3,0,2,3,2,1,4,1,4,3,2,0,2,R' F2,2
195,5,1,5,0,4,3,0,4,4,5,3,2,2,1,2,3,1,3,0,1,5,0,2,4,R F2 U' R2,4
196,0,1,0,5,4,5,4,5,1,3,5,3,3,2,3,4,2,2,1,1,0,4,0,2,R' U,2
197,2,0,1,0,1,1,5,5,3,2,3,1,4,3,5,3,4,2,4,2,5,0,4,0,R F,2
198,3,2,3,1,2,4,2,4,2,0,1,0,0,4,0,5,1,1,5,5,3,5,3,4,R' U',2
199,0,3,3,3,2,4,2,4,1,1,2,1,3,0,0,0,2,5,1,4,5,4,5,5,F2 U' F2 U,4
200,0,4,5,4,0,0,2,2,4,2,4,3,2,1,3,1,5,3,5,3,5,1,0,1,R' F',2
201,0,0,3,3,1,2,5,4,2,5,1,4,0,0,3,3,2,1,4,5,1,4,2,5,R2 F2 U',3
202,4,5,4,5,0,0,3,3,2,4,1,5,2,1,2,1,3,3,0,0,1,5,2,4,U2 R,2
203,1,3,0,4,2,5,1,0,4,3,2,5,1,0,3,4,2,5,4,3,1,0,2,5,U R2 F',3
204,3,0,3,0,1,1,2,2,1,2,5,4,0,3,0,3,5,5,4,4,5,4,1,2,R2 U',2
205,1,1,2,3,1,0,1,5,3,5,3,5,5,0,4,4,3,4,2,4,2,2,0,0,F' U',2
206,0,3,0,3,2,2,2,2,4,1,4,1,3,0,3,0,5,5,5,5,4,1,4,1,R2,1
207,1,3,2,3,5,5,1,4,3,4,0,2,5,3,4,0,2,4,2,1,1,0,5,0,R F' R2,3
208,1,0,1,0,2,2,2,2,0,4,0,4,4,3,4,3,5,5,5,5,1,3,1,3,R',1
209,4,0,3,1,5,2,5,2,4,3,4,3,0,4,1,3,5,2,5,2,1,0,1,0,F2 R,2
210,1,4,1,4,0,0,0,0,5,2,5,2,4,1,4,1,3,3,3,3,5,2,5,2,R2,1
211,2,4,3,3,1,3,5,3,5,5,4,4,0,0,5,1,0,4,0,2,2,1,2,1,F R',2
212,0,0,3,3,4,4,1,1,2,2,5,5,0,0,3,3,1,1,4,4,2,2,5,5,F2 U2,2
213,0,0,2,4,0,1,0,5,1,2,1,2,5,1,3,3,4,3,2,3,5,5,4,4,F' U,2
214,4,4,3,5,1,3,1,5,5,0,5,0,0,2,1,1,0,4,2,4,2,2,3,3,F U',2
215,1,5,2,4,0,3,0,3,1,2,1,2,5,1,4,2,0,3,0,3,4,5,4,5,F2 R,2
216,0,4,2,2,1,3,1,2,4,3,3,3,5,5,5,1,5,0,4,4,2,1,0,0,R' U R,3
217,0,0,0,0,1,1,5,5,2,2,1,1,3,3,3,3,4,4,2,2,5,5,4,4,U,1
218,1,1,2,2,1,5,1,5,3,3,3,3,5,5,4,4,2,4,2,4,0,0,0,0,F',1
219,1,0,1,0,2,2,1,3,0,4,2,2,3,3,4,4,5,5,0,4,1,3,5,5,U F',2
220,2,2,2,2,1,1,0,0,3,3,1,1,5,5,5,5,4,4,3,3,0,0,4,4,U,1
221,4,4,3,2,1,3,1,2,5,3,5,3,0,5,1,1,0,4,5,4,2,2,0,0,F U,2
222,4,2,5,1,2,4,2,4,3,0,3,0,2,4,1,5,5,1,5,1,3,0,3,0,R2 F',2
223,4,1,0,0,4,3,1,3,5,5,2,2,3,3,1,4,0,1,0,4,5,2,5,2,F' R2,2
224,4,5,4,5,0,0,0,0,2,4,2,4,1,2,1,2,3,3,3,3,1,5,1,5,R,1
225,2,1,0,1,3,3,2,2,4,2,4,0,3,4,5,4,0,5,0,5,5,1,3,1,R F',2
226,1,4,5,5,1,5,2,1,0,0,3,0,1,4,2,2,2,4,4,5,3,0,3,3,U2 F U2,3
227,0,0,1,1,3,1,4,0,2,2,5,5,3,3,4,4,4,0,3,1,5,5,2,2,U2 F,2
228,1,1,1,1,0,0,5,5,5,5,3,3,4,4,4,4,3,3,2,2,2,2,0,0,U',1
229,2,2,5,5,1,4,1,4,3,0,3,0,2,2,5,5,4,1,4,1,3,0,3,0,R2 F2,2
230,2,4,2,0,1,0,1,0,3,2,1,2,5,3,5,1,4,4,3,3,5,0,5,4,R U,2
231,4,1,4,1,0,3,0,3,2,5,2,5,1,4,1,4,0,3,0,3,5,2,5,2,F2 R2,2
232,0,4,5,4,0,3,5,2,3,2,3,0,2,1,3,1,4,1,4,1,2,5,0,5,F2 R2 F R,4
233,1,5,4,5,3,3,0,0,5,1,5,4,1,2,4,2,3,0,3,0,4,2,1,2,R' F2,2
234,3,3,0,0,2,1,4,5,1,4,2,5,3,3,0,0,1,2,5,4,2,5,1,4,R2 F2 U',3
235,0,0,3,3,5,2,1,4,1,4,2,5,3,0,3,0,2,5,1,4,1,4,5,2,U' F2 R2,3
236,1,1,5,0,1,3,1,2,0,2,0,2,2,3,4,4,0,4,5,4,5,5,3,3,F' U',2
237,2,2,2,2,3,3,1,1,4,4,3,3,5,5,5,5,0,0,4,4,1,1,0,0,U,1
238,2,4,2,1,0,3,0,3,4,5,1,5,5,4,5,1,0,0,3,3,2,1,2,4,R' U2,2
239,5,5,5,5,0,0,3,3,4,4,1,1,2,2,2,2,3,3,0,0,1,1,4,4,U2,1
240,3,5,3,5,1,1,1,1,5,0,5,0,0,2,0,2,4,4,4,4,3,2,3,2,R',1
241,2,2,4,4,5,4,1,2,0,0,3,3,5,5,1,1,1,2,5,4,3,3,0,0,U2 F,2
242,0,0,0,0,4,4,2,2,5,5,4,4,3,3,3,3,1,1,5,5,2,2,1,1,U,1
243,5,3,5,3,4,4,4,4,3,2,3,2,2,0,2,0,1,1,1,1,5,0,5,0,R',1
244,1,1,1,1,2,2,3,3,0,0,2,2,4,4,4,4,5,5,0,0,3,3,5,5,U,1
245,1,3,0,1,3,4,3,1,2,2,5,2,3,4,4,0,0,4,0,1,5,5,2,5,R2 F' R2,3
246,4,2,4,2,3,3,3,3,5,4,5,4,1,5,1,5,0,0,0,0,1,2,1,2,R,1
247,1,1,4,4,3,0,3,0,5,5,5,5,1,1,4,4,3,0,3,0,2,2,2,2,F2,1
248,0,0,3,3,2,2,5,5,1,1,4,4,0,0,3,3,5,5,2,2,1,1,4,4,F2 U2,2
249,0,3,0,2,1,4,1,4,5,3,0,3,2,5,2,0,1,1,4,4,5,2,5,3,R' U2 R',3
250,0,1,0,1,5,5,1,3,1,3,2,2,3,3,4,4,2,2,0,4,0,4,5,5,U' F',2
251,2,3,1,3,4,4,2,2,0,2,0,1,4,0,5,0,1,5,1,5,5,3,4,3,R F',2
252,1,2,1,3,5,1,3,3,3,4,2,2,4,4,4,5,0,2,0,0,0,5,1,5,F R' F',3
253,2,2,5,5,3,0,3,0,1,1,4,4,5,5,2,2,3,0,3,0,4,4,1,1,U2 F2,2
254,5,2,5,2,4,4,4,4,3,0,3,0,2,5,2,5,1,1,1,1,3,0,3,0,R2,1
255,5,3,0,2,0,2,4,1,4,1,0,2,5,0,3,2,3,5,4,1,4,1,3,5,U F2 R,3
256,1,0,0,0,1,1,0,1,2,2,5,5,4,4,4,3,3,4,3,3,5,2,5,2,F R2 F',3
257,0,0,2,2,0,5,2,3,1,1,4,4,3,3,5,5,2,3,0,5,4,4,1,1,U2 F',2
258,5,3,0,4,2,5,2,4,2,3,4,3,3,1,2,0,1,4,1,5,1,0,5,0,F2 R' F',3
259,5,2,3,3,5,0,2,0,4,4,1,1,0,0,2,5,3,2,3,5,4,1,4,1,F' R2,2
260,1,1,3,5,4,3,4,5,2,3,2,3,0,2,4,4,0,1,2,1,5,5,0,0,F U,2
261,3,3,3,3,4,4,1,1,2,2,5,5,0,0,0,0,1,1,4,4,5,5,2,2,U2,1
262,5,5,4,3,2,4,4,4,3,1,2,3,0,2,1,2,1,5,3,1,0,0,0,5,U R F',3
263,2,3,0,5,1,4,1,4,2,0,2,0,3,2,5,0,1,4,1,4,5,3,5,3,F2 R,2
264,1,5,1,5,3,3,3,3,2,1,2,1,4,2,4,2,0,0,0,0,4,5,4,5,R,1
265,1,0,5,0,5,5,4,4,3,1,3,5,2,3,4,3,2,1,2,1,4,0,2,0,R F,2
266,4,2,0,2,1,1,3,4,2,3,4,5,5,1,5,3,3,4,0,0,0,5,2,1,U2 R' U,3
267,0,0,4,4,3,4,3,4,5,5,5,5,1,1,3,3,1,0,1,0,2,2,2,2,F,1
268,0,0,2,2,3,2,5,0,4,4,1,1,3,3,5,5,5,0,3,2,1,1,4,4,U2 F,2
269,0,3,0,3,2,2,1,1,2,1,4,5,3,0,3,0,4,4,5,5,4,5,2,1,R2 U',2
270,0,1,0,1,5,5,5,5,1,3,1,3,3,4,3,4,2,2,2,2,0,4,0,4,R',1
271,0,3,0,3,5,5,1,4,1,4,2,2,3,3,0,0,2,2,1,4,1,4,5,5,U' F2,2
272,0,2,5,3,1,4,1,4,0,5,3,2,5,3,0,2,1,4,1,4,3,2,0,5,U2 F2 R,3
273,3,5,0,1,2,4,2,1,5,0,4,0,3,4,3,2,4,1,5,5,0,2,3,1,R' U R2,3
274,4,5,3,4,3,0,1,2,1,5,5,0,0,2,2,4,0,5,3,4,1,2,3,1,R F U2 R',4
275,2,0,0,0,4,4,5,4,5,5,0,1,1,3,5,3,1,1,3,2,2,3,2,4,F R' U',3
276,1,3,2,3,2,2,4,4,0,1,0,2,5,0,4,0,5,1,5,1,4,3,5,3,R F,2
277,5,5,4,5,4,4,0,2,2,3,3,4,1,2,2,3,1,3,1,5,0,0,1,0,R F R',3
278,0,0,3,3,2,5,2,5,1,1,4,4,3,3,0,0,2,5,2,5,4,4,1,1,U2 F2,2
279,5,5,0,0,5,3,5,3,1,1,1,1,3,3,2,2,0,2,0,2,4,4,4,4,F',1
280,4,1,4,1,5,5,3,3,5,3,0,2,1,4,1,4,0,0,2,2,0,2,5,3,R2 U',2
281,1,4,5,5,1,5,4,5,0,0,3,3,2,2,4,1,2,4,2,1,3,0,3,0,F R2,2
282,4,4,1,3,5,2,1,3,3,4,3,5,4,0,1,5,5,2,0,2,0,0,1,2,F U' R,3
283,4,5,1,2,3,1,4,4,2,4,0,5,5,3,2,0,0,0,3,1,3,2,5,1,F2 U2 R' U,4
284,4,4,1,1,5,0,3,2,3,3,2,2,4,4,1,1,3,2,5,0,5,5,0,0,F2 U',2
285,3,3,0,1,2,4,3,5,4,0,2,2,4,4,1,0,1,5,2,0,5,5,1,3,F2 U R,3
286,2,5,2,5,1,1,3,0,3,0,4,4,5,5,2,2,4,4,3,0,3,0,1,1,U' F2,2
287,0,3,0,3,2,2,4,1,4,1,5,5,3,3,0,0,5,5,4,1,4,1,2,2,U' F2,2
288,0,0,0,0,5,5,2,2,1,1,4,4,3,3,3,3,2,2,5,5,4,4,1,1,U2,1
289,2,3,5,3,4,4,1,1,0,2,0,5,2,0,5,0,1,4,1,4,5,3,2,3,R F2,2
290,1,0,3,4,0,1,5,2,5,2,0,1,1,3,0,4,3,4,5,2,5,2,3,4,U F2 R',3
291,4,4,4,4,0,0,3,3,2,2,5,5,1,1,1,1,3,3,0,0,5,5,2,2,U2,1
292,0,0,3,3,2,4,1,5,4,1,2,5,0,0,3,3,4,2,5,1,2,5,4,1,R2 F2 U',3
293,3,5,4,5,3,3,1,1,5,1,5,0,1,2,0,2,4,0,4,0,4,2,3,2,R' F',2
294,0,0,5,4,0,1,0,2,4,2,4,2,2,1,3,3,4,3,5,3,5,5,1,1,F' U',2
295,0,0,1,2,0,5,5,1,5,1,1,3,3,4,3,5,2,3,2,2,4,4,0,4,U' R' U,3
296,5,5,2,2,3,3,0,0,4,4,1,1,5,5,2,2,0,0,3,3,4,4,1,1,F2 U2,2
297,5,1,0,0,4,0,4,4,5,5,3,5,2,3,4,3,3,1,2,1,2,1,2,0,U' R F,3
298,3,5,3,1,5,4,5,4,4,3,2,3,0,4,0,2,2,2,1,1,0,1,0,5,R U',2
299,1,2,1,3,2,0,5,1,0,1,3,3,4,4,5,0,5,5,4,2,4,3,2,0,U' F R',3
300,4,3,3,2,3,5,1,1,5,4,5,5,0,0,1,0,0,4,2,4,1,2,2,3,R F U',3
301,5,0,2,4,3,4,4,2,0,5,4,0,2,5,1,3,3,1,5,3,2,1,1,0,U' F' U2 R,4
302,4,1,0,0,4,0,1,0,5,5,2,2,3,3,1,4,3,1,3,4,2,5,2,5,F R2,2
303,1,1,0,0,1,3,0,4,2,2,5,5,4,4,3,3,0,4,1,3,5,5,2,2,U2 F',2
304,0,2,1,2,3,3,1,1,2,4,2,3,4,5,3,5,4,0,4,0,1,5,0,5,R' F,2
305,5,4,5,0,1,0,1,0,4,2,0,2,2,3,2,1,3,3,4,4,5,1,5,3,R' U,2
306,1,5,2,4,3,0,3,0,4,5,4,5,5,1,4,2,3,0,3,0,1,2,1,2,F2 R',2
307,0,0,5,1,3,5,5,5,1,2,3,1,4,3,2,3,2,0,1,2,4,4,4,0,U R F',3
308,0,3,0,3,1,1,2,5,2,5,4,4,3,3,0,0,4,4,2,5,2,5,1,1,U' F2,2
309,5,5,2,2,1,4,1,4,3,3,3,3,5,5,2,2,1,4,1,4,0,0,0,0,F2,1
310,5,0,1,2,1,4,0,4,5,3,5,1,4,5,2,3,0,3,1,3,2,4,2,0,F2 R U,3
311,2,2,2,2,1,1,3,3,3,3,4,4,5,5,5,5,4,4,0,0,0,0,1,1,U',1
312,2,0,1,1,3,1,5,0,2,2,5,1,4,3,4,5,4,0,3,3,5,0,4,2,U R U,3
313,5,2,0,0,5,0,2,0,1,1,4,4,3,3,2,5,3,2,3,5,4,1,4,1,F R2,2
314,5,2,2,2,1,1,0,3,4,3,3,1,5,5,5,2,3,0,4,4,0,1,4,0,R2 U R2,3
315,4,0,5,0,1,1,5,5,0,2,0,1,2,3,1,3,2,4,2,4,5,3,4,3,R' F,2
316,2,2,3,3,5,3,5,3,4,4,4,4,0,0,5,5,0,2,0,2,1,1,1,1,F,1
317,0,5,0,1,5,4,5,4,5,3,1,3,3,4,3,2,1,1,2,2,0,2,0,4,R' U',2
318,1,1,0,4,2,0,4,5,4,3,5,5,3,3,4,0,3,5,2,1,2,2,1,0,F2 U' R',3
319,1,3,1,5,0,5,0,5,3,4,5,4,4,2,4,0,2,2,3,3,1,0,1,2,R' U,2
320,5,5,3,3,2,3,0,5,1,1,4,4,2,2,0,0,0,5,2,3,4,4,1,1,U2 F,2
321,2,3,2,0,4,1,4,1,3,5,0,5,5,3,5,0,4,4,1,1,2,0,2,3,R' U2,2
322,3,3,5,5,0,5,0,5,4,4,4,4,2,2,0,0,2,3,2,3,1,1,1,1,F,1
323,5,5,4,3,2,1,5,3,0,1,0,4,1,0,5,2,4,2,0,2,3,3,4,1,F U R2,3
324,5,0,5,0,4,4,1,1,3,5,2,0,3,2,3,2,1,1,4,4,2,0,3,5,U2 R,2
325,0,0,1,2,3,1,3,2,2,4,2,4,4,5,3,3,4,0,5,0,5,5,1,1,F U',2
326,4,4,3,3,1,3,2,2,5,5,1,3,0,1,0,1,0,4,5,5,2,2,0,4,U R,2
327,1,1,1,1,5,5,0,0,3,3,5,5,4,4,4,4,2,2,3,3,0,0,2,2,U,1
328,0,0,2,5,3,2,3,5,4,1,4,1,5,2,3,3,5,0,2,0,1,1,4,4,F U2,2
329,4,3,4,3,2,2,2,2,3,1,3,1,1,0,1,0,5,5,5,5,4,0,4,0,R',1
330,4,2,3,2,4,4,0,0,2,0,2,1,0,5,1,5,3,1,3,1,3,5,4,5,R' F',2
331,1,3,1,3,5,5,2,2,3,4,1,0,0,4,0,4,2,2,5,5,1,0,3,4,U2 R',2
332,5,5,2,4,3,0,2,4,4,5,4,3,5,1,2,3,3,0,1,0,1,1,2,0,F U' R,3
333,4,4,0,5,4,2,4,3,5,3,5,3,3,2,1,1,5,1,0,1,0,0,2,2,F' U',2
334,4,0,3,2,1,2,2,0,5,3,1,4,5,3,1,5,0,4,5,3,1,2,4,0,F' R F2 U,4
335,2,2,3,0,2,3,2,0,1,4,1,4,0,3,5,5,0,5,3,5,1,1,4,4,F' U2,2
336,4,5,3,2,3,0,1,1,5,4,5,0,0,2,1,2,0,4,3,4,1,2,3,5,R F U2,3
337,1,3,0,1,0,4,0,1,2,5,5,5,3,4,4,0,3,4,3,1,5,2,2,2,R2 F R2,3
338,0,0,1,2,3,1,1,1,2,4,3,2,5,3,4,3,4,0,2,4,5,5,5,0,U R F',3
339,2,4,5,3,1,0,1,4,4,5,1,5,2,0,2,3,1,3,0,0,5,3,2,4,R' U R2 U,4
340,5,5,1,1,2,1,3,3,0,0,2,1,4,2,4,2,4,5,0,0,3,3,4,5,U R,2
341,5,5,2,2,3,0,1,1,4,4,3,0,5,2,5,2,3,0,4,4,1,1,3,0,U R2,2
342,3,5,3,5,4,4,4,4,2,3,2,3,0,2,0,2,1,1,1,1,0,5,0,5,R,1
343,0,2,1,0,2,3,2,1,2,4,4,4,3,3,3,5,4,0,5,5,1,5,0,1,R' U' R,3
344,5,2,5,2,0,0,0,0,4,1,4,1,2,5,2,5,3,3,3,3,4,1,4,1,R2,1
345,2,2,5,5,4,1,3,3,3,3,4,1,5,2,5,2,4,1,0,0,0,0,4,1,U' R2,2
346,5,5,5,4,2,1,2,2,0,3,0,3,2,1,1,1,4,4,5,4,3,3,0,0,F U2 F',3
347,3,2,2,2,3,3,2,3,4,4,1,1,0,0,0,5,5,0,5,5,1,4,1,4,F R2 F',3
348,5,3,0,3,5,5,3,4,1,4,1,2,3,4,2,0,1,2,0,2,1,0,5,4,R' F' U',3
349,4,3,2,3,1,1,5,4,3,5,4,0,0,1,0,5,5,4,2,2,2,0,3,1,U2 R' U,3
350,3,2,1,1,5,1,0,2,3,3,0,1,4,5,4,0,4,2,5,5,0,2,4,3,U R U,3
351,3,2,5,0,2,3,2,3,1,4,1,4,2,3,0,5,5,0,5,0,1,4,1,4,R2 F',2
352,1,2,3,2,4,4,3,3,2,0,2,4,0,5,4,5,0,1,0,1,3,5,1,5,R' F,2
353,4,2,3,2,3,3,1,1,5,4,5,3,0,5,1,5,0,4,0,4,1,2,0,2,R F,2
354,4,1,4,1,5,5,0,3,0,3,2,2,1,1,4,4,2,2,0,3,0,3,5,5,U' F2,2
355,5,1,5,2,3,0,1,2,0,4,1,5,3,0,4,0,3,4,5,2,2,1,4,3,F' U2 R U',4
356,0,0,1,4,0,1,0,4,5,2,5,2,4,1,3,3,4,3,1,3,5,5,2,2,F' U2,2
357,3,3,0,0,1,4,2,2,2,2,1,4,0,3,0,3,1,4,5,5,5,5,1,4,U' R2,2
358,2,0,2,0,4,4,0,5,0,5,1,1,5,5,3,3,1,1,2,3,2,3,4,4,U' F',2
359,2,1,4,5,1,2,1,2,3,0,3,0,1,2,5,4,4,5,4,5,3,0,3,0,R2 F',2
360,3,3,0,0,2,5,5,2,1,4,1,4,0,0,3,3,5,2,2,5,1,4,1,4,U2 R2 F2,3
361,5,5,4,4,5,1,5,1,0,0,0,0,1,1,2,2,4,2,4,2,3,3,3,3,F',1
362,4,1,4,1,5,5,0,3,0,3,5,5,4,4,1,1,2,2,0,3,0,3,2,2,U F2,2
363,0,5,0,4,5,1,5,1,1,0,2,0,3,1,3,2,2,2,4,4,3,4,3,5,R U',2
364,5,4,2,3,1,3,4,3,0,5,4,2,5,0,5,1,4,1,0,0,2,3,2,1,R U R2,3
365,0,2,0,5,4,1,4,1,2,3,5,3,3,2,3,5,4,4,1,1,0,5,0,2,R' U2,2
366,4,1,4,1,3,3,0,0,5,2,5,2,4,1,4,1,0,0,3,3,5,2,5,2,U2 R2,2
367,4,4,0,0,1,0,3,4,2,2,5,5,1,1,3,3,3,4,1,0,5,5,2,2,U2 F,2
368,3,3,4,2,3,5,3,1,5,4,5,4,1,5,0,0,2,0,4,0,1,1,2,2,F' U,2
369,1,1,1,4,5,3,3,2,3,0,2,2,4,4,4,1,0,2,5,0,5,5,0,3,F2 U' R2,3
370,3,0,5,5,3,2,0,2,1,1,4,4,2,2,0,3,5,0,5,3,1,4,1,4,F' R2,2
371,2,4,1,4,0,0,3,3,5,2,5,1,4,2,5,2,0,3,0,3,5,1,4,1,R' F2 R',3
372,3,0,3,0,4,4,1,1,5,5,2,2,0,3,0,3,4,4,1,1,2,2,5,5,R2 U2,2
373,3,0,3,0,2,2,2,2,1,4,1,4,0,3,0,3,5,5,5,5,1,4,1,4,R2,1
374,4,2,5,1,3,0,3,0,1,2,1,2,2,4,1,5,3,0,3,0,4,5,4,5,F2 R',2
375,4,2,1,2,3,3,0,0,2,4,2,1,4,5,1,5,3,0,3,0,1,5,4,5,R' F2,2
376,4,1,1,4,5,5,2,2,3,0,3,0,1,4,4,1,2,2,5,5,0,3,0,3,F2 U2 R2,3
377,2,1,2,1,3,3,3,3,4,2,4,2,5,4,5,4,0,0,0,0,5,1,5,1,R,1
378,0,3,0,3,4,4,1,1,2,2,5,5,3,0,3,0,4,4,1,1,5,5,2,2,R2 U2,2
379,2,1,0,4,0,2,5,3,1,2,4,0,5,1,3,4,3,2,5,0,3,4,5,1,R U2 F,3
380,4,0,4,3,5,2,5,2,0,4,3,4,1,0,1,3,2,2,5,5,1,3,1,0,R U2,2
381,1,2,3,3,5,4,5,3,2,4,4,4,0,0,0,5,0,1,2,2,3,5,1,1,R' U R,3
382,3,2,0,0,2,1,1,1,4,4,4,3,3,5,2,5,4,5,3,5,0,2,0,1,U R2 U' F,4
383,1,4,0,0,1,0,4,0,2,2,5,5,3,3,4,1,3,4,3,1,5,2,5,2,F R2,2
384,0,0,4,1,3,4,3,1,5,2,5,2,1,4,3,3,1,0,4,0,2,2,5,5,F U2,2
385,1,1,2,3,4,3,4,5,0,2,3,2,5,0,1,4,0,1,2,4,5,5,0,3,F' U R2,3
386,5,5,5,2,1,4,0,0,4,3,0,4,5,2,2,2,3,3,4,1,0,1,1,3,R2 U F2,3
387,4,4,4,4,2,2,3,3,3,3,5,5,1,1,1,1,5,5,0,0,0,0,2,2,U',1
388,5,5,5,5,4,4,0,0,3,3,4,4,2,2,2,2,1,1,3,3,0,0,1,1,U,1
389,0,1,2,2,0,5,1,5,1,1,3,3,5,5,3,4,2,3,2,4,0,4,0,4,F' R',2
390,0,0,0,0,4,4,5,5,5,5,1,1,3,3,3,3,1,1,2,2,2,2,4,4,U',1
391,3,3,0,0,5,4,5,4,1,1,4,4,0,0,3,3,1,2,1,2,5,5,2,2,U2 F2 U',3
392,5,1,0,2,4,3,0,5,5,0,2,2,1,1,2,4,4,1,4,3,5,3,0,3,F' R2 F' R,4
393,5,3,5,3,1,1,2,3,0,5,1,1,0,0,2,2,4,4,0,5,2,3,4,4,U F,2
394,5,0,2,0,4,4,1,1,0,5,0,2,5,3,2,3,4,1,4,1,2,3,5,3,R' F2,2
395,0,1,0,1,2,2,3,1,4,0,2,2,4,4,3,3,5,5,4,0,3,1,5,5,U F,2
396,2,2,2,2,4,4,3,3,0,0,4,4,5,5,5,5,1,1,0,0,3,3,1,1,U,1
397,4,1,4,1,0,0,0,0,2,5,2,5,1,4,1,4,3,3,3,3,2,5,2,5,R2,1
398,0,0,1,0,1,1,5,2,5,2,3,3,4,4,4,3,4,3,2,2,5,5,1,0,U' R' U2 R,4
399,4,4,1,0,2,5,1,0,0,4,0,2,4,3,1,2,2,5,3,5,3,3,1,5,F U' R,3
400,2,2,2,2,1,1,4,4,3,3,0,0,5,5,5,5,4,4,1,1,0,0,3,3,U2,1
401,2,2,2,2,4,4,0,0,0,0,1,1,5,5,5,5,1,1,3,3,3,3,4,4,U',1
402,0,5,0,4,2,1,4,1,1,3,4,0,3,5,0,2,2,2,1,5,3,4,3,5,R' U' F2 U',4
403,3,2,5,0,4,1,4,1,3,5,0,2,5,0,3,2,4,1,4,1,0,2,3,5,U2 F2 R,3
404,0,4,0,5,4,2,4,2,4,3,5,3,3,2,3,1,5,5,1,1,0,1,0,2,R' U',2
405,4,4,1,1,3,3,5,5,2,2,1,1,0,3,0,3,0,0,5,5,2,2,4,4,U' R2 U2 R,4
406,0,0,3,3,1,1,0,0,5,5,2,2,1,1,4,4,4,4,3,3,5,5,2,2,F2 U2 F,3
407,1,4,1,4,2,2,3,3,2,3,0,5,4,1,4,1,0,0,5,5,0,5,2,3,R2 U',2
408,1,1,4,4,0,3,0,3,5,2,5,2,1,1,4,4,3,0,3,0,5,2,5,2,R2 F2,2
409,5,5,5,5,1,1,0,0,0,0,4,4,2,2,2,2,4,4,3,3,3,3,1,1,U',1
410,5,1,4,4,2,0,0,5,3,3,3,4,1,2,2,4,1,5,3,5,2,0,0,1,F R U F',4
411,4,4,5,3,1,5,2,2,0,5,1,3,0,1,2,1,2,4,0,5,3,3,0,4,U R F,3
412,3,4,2,2,1,2,0,2,3,3,1,1,5,5,0,1,5,4,5,3,0,4,0,4,F R,2
413,3,4,3,4,2,2,1,3,1,3,5,5,0,0,1,1,5,5,0,4,0,4,2,2,U' F,2
414,3,3,3,3,5,5,2,2,4,4,1,1,0,0,0,0,2,2,5,5,1,1,4,4,U2,1
415,0,2,1,2,0,4,4,4,5,1,0,0,5,5,3,5,2,3,1,1,3,4,3,2,F' R U,3
416,3,3,1,1,0,1,0,1,5,5,5,5,4,4,0,0,4,3,4,3,2,2,2,2,F,1
417,4,4,2,2,1,2,1,2,3,3,3,3,5,5,1,1,5,4,5,4,0,0,0,0,F,1
418,4,4,2,0,1,2,1,0,3,2,3,2,5,3,1,1,5,4,3,4,0,0,5,5,F U,2
419,1,0,0,5,3,5,1,5,2,1,1,0,3,2,3,3,0,4,2,2,4,5,4,4,R U R',3
420,5,3,4,3,5,1,1,1,0,4,5,5,0,0,2,0,3,2,4,4,2,1,2,3,F' R U,3
421,0,5,2,2,3,4,1,2,4,4,3,5,5,0,3,3,1,0,5,4,0,2,1,1,F2 U F',3
422,0,3,0,3,5,5,2,2,1,4,1,4,0,3,0,3,2,2,5,5,1,4,1,4,U2 R2,2
423,2,2,5,5,0,3,0,3,4,4,4,4,2,2,5,5,0,3,0,3,1,1,1,1,F2,1
424,3,3,0,0,1,1,0,0,2,2,5,5,4,4,1,1,4,4,3,3,2,2,5,5,F2 U2 F',3
425,2,3,4,3,2,2,1,1,3,1,3,5,1,0,5,0,4,5,4,5,4,0,2,0,R' F',2
426,3,2,3,2,4,4,1,1,2,0,3,5,5,0,5,0,1,1,4,4,3,5,2,0,U2 R',2
427,5,5,4,4,2,4,0,0,3,3,2,4,1,2,1,2,1,5,3,3,0,0,1,5,U R,2
428,0,4,5,5,1,5,3,5,0,0,1,1,2,2,3,1,2,4,2,0,3,4,3,4,F R,2
429,2,4,0,4,2,2,3,3,4,3,4,5,3,1,5,1,0,5,0,5,0,1,2,1,R' F',2
430,3,3,0,0,5,4,1,2,1,1,2,2,3,3,0,0,1,2,5,4,5,5,4,4,F2 U',2
431,4,4,1,1,0,3,0,3,5,5,5,5,4,4,1,1,0,3,0,3,2,2,2,2,F2,1
432,1,0,1,4,0,1,5,5,3,2,5,1,0,3,4,3,2,2,3,4,5,0,4,2,R2 U F',3
433,5,0,4,3,2,5,4,4,0,1,3,5,1,3,2,3,1,2,1,5,4,0,2,0,R' F R2,3
434,0,0,3,3,2,5,2,5,1,1,1,1,0,0,3,3,2,5,2,5,4,4,4,4,F2,1
435,1,2,1,2,3,3,3,3,2,4,2,4,4,5,4,5,0,0,0,0,1,5,1,5,R',1
436,1,1,2,3,4,2,5,5,0,2,4,3,0,4,5,4,5,1,0,2,3,3,0,1,U R F,3
437,0,0,3,3,4,5,2,1,2,2,1,1,0,0,3,3,2,1,4,5,4,4,5,5,F2 U',2
438,0,0,3,3,4,4,0,0,2,2,5,5,4,4,1,1,1,1,3,3,2,2,5,5,F2 U2 F,3
439,4,4,2,2,4,5,4,5,0,0,0,0,5,5,1,1,2,1,2,1,3,3,3,3,F',1
440,0,3,0,3,5,5,2,2,5,4,5,4,0,3,0,3,1,1,4,4,1,2,1,2,U2 R2 U',3
441,5,5,3,3,2,3,2,3,1,1,1,1,0,0,2,2,0,5,0,5,4,4,4,4,F,1
442,2,0,2,1,0,4,0,4,0,5,1,5,5,4,5,3,1,1,3,3,2,3,2,4,R' U',2
443,2,2,1,1,2,4,2,4,0,0,0,0,4,4,5,5,1,5,1,5,3,3,3,3,F',1
444,1,1,0,5,1,2,1,3,2,0,2,0,3,2,4,4,5,4,0,4,3,3,5,5,F' U,2
445,2,5,2,5,3,0,3,0,4,1,4,1,5,2,5,2,3,0,3,0,1,4,1,4,F2 R2,2
446,3,1,4,3,5,5,5,2,0,4,3,4,1,0,0,4,2,2,2,5,0,1,3,1,F2 R F2,3
447,5,3,2,3,1,1,4,4,3,5,3,2,5,0,2,0,1,4,1,4,2,0,5,0,R' F2,2
448,2,4,0,0,1,0,5,0,2,2,1,1,3,3,5,1,3,4,3,2,5,4,5,4,F R,2
449,0,0,0,1,3,4,0,1,5,2,5,5,4,4,4,3,1,1,3,3,2,2,5,2,U2 F R2 F',4
450,5,5,2,2,3,4,1,0,1,4,0,3,5,5,2,2,4,3,0,1,0,3,1,4,R2 F2 U,3
451,2,0,1,0,2,2,4,4,0,4,0,5,4,3,5,3,1,5,1,5,1,3,2,3,R' F',2
452,2,2,2,2,4,4,1,1,0,0,3,3,5,5,5,5,1,1,4,4,3,3,0,0,U2,1
453,3,3,0,0,5,5,2,2,1,1,4,4,3,3,0,0,2,2,5,5,1,1,4,4,F2 U2,2
454,0,5,0,2,4,1,4,4,5,0,3,5,2,3,5,3,1,1,4,1,3,2,2,0,U2 R F2,3
455,3,5,3,0,1,4,1,4,5,2,0,2,5,3,5,2,4,4,1,1,0,2,0,3,R U2 R,3
456,3,5,2,3,1,4,2,4,3,5,1,3,0,1,2,2,5,4,1,5,0,4,0,0,F R U R',4
457,4,3,4,0,2,5,2,5,3,4,0,4,1,3,1,0,5,5,2,2,1,0,1,3,R U2,2
458,1,2,0,4,5,4,2,1,5,0,3,0,5,4,1,3,3,1,0,4,3,2,5,2,U2 R2 F U',4
459,4,5,2,1,2,1,2,1,3,0,3,0,5,4,1,2,5,4,5,4,3,0,3,0,R2 F,2
460,1,1,5,5,1,2,3,3,0,0,1,2,2,4,2,4,5,4,0,0,3,3,5,4,U R',2
461,0,3,1,5,1,2,3,2,2,0,4,1,3,2,3,0,4,0,5,5,4,5,4,1,R U' R,3
462,4,0,4,0,2,2,3,4,3,4,5,5,1,1,3,3,5,5,1,0,1,0,2,2,U' F,2
463,1,5,0,5,1,1,3,0,2,0,2,4,3,5,4,2,3,4,0,4,3,2,1,5,R' F' U2,3
464,0,2,0,3,2,0,2,4,4,1,5,1,3,0,4,5,5,5,3,1,4,1,3,2,R U' F,3
465,1,5,2,0,2,4,1,3,3,4,0,2,1,3,5,4,5,4,0,2,0,3,5,1,F U F2 R,4
466,5,0,1,1,3,1,2,1,2,2,0,0,4,4,2,3,4,0,4,5,5,3,5,3,F R',2
467,0,0,3,3,1,1,4,4,5,5,2,2,0,0,3,3,4,4,1,1,5,5,2,2,F2 U2,2
468,0,0,3,3,4,2,5,1,2,2,4,4,0,0,3,3,5,1,4,2,1,1,5,5,F2 U,2
469,4,4,4,4,3,3,5,5,5,5,0,0,1,1,1,1,0,0,2,2,2,2,3,3,U',1
470,0,5,0,5,4,4,4,4,5,3,5,3,3,2,3,2,1,1,1,1,0,2,0,2,R',1
471,1,3,5,5,1,2,3,2,0,0,1,1,2,2,4,0,5,4,5,0,4,3,4,3,F' R,2
472,2,1,2,0,1,3,1,3,3,2,4,2,5,3,5,4,4,4,0,0,5,0,5,1,R U',2
473,3,5,2,0,1,4,1,4,3,2,3,2,5,3,0,2,1,4,1,4,0,5,0,5,F2 R,2
474,0,0,3,3,5,1,5,1,4,4,1,1,3,3,0,0,4,2,4,2,5,5,2,2,U2 F2 U',3
475,3,1,3,1,2,2,3,4,1,0,2,2,4,4,0,0,5,5,1,0,3,4,5,5,U F',2
476,1,1,2,0,1,3,1,5,3,2,3,2,5,3,4,4,0,4,2,4,5,5,0,0,F' U,2
477,0,0,2,1,3,2,5,5,4,2,3,1,4,3,5,3,5,0,4,2,1,1,4,0,U R F,3
478,0,1,5,3,1,2,1,4,0,5,0,0,2,2,4,5,5,4,3,4,3,1,3,2,F2 U' R F,4
479,0,4,0,3,4,0,4,5,5,2,1,2,3,0,5,1,1,1,3,2,5,2,3,4,R U' F,3
480,0,0,1,5,3,1,3,5,2,1,2,1,4,2,3,3,4,0,2,0,5,5,4,4,F U,2
481,0,4,1,3,4,0,4,0,5,2,5,2,4,0,3,1,1,3,1,3,5,2,5,2,R2 F',2
482,2,0,2,0,4,4,4,4,0,5,0,5,5,3,5,3,1,1,1,1,2,3,2,3,R',1
483,1,1,3,3,2,5,0,3,4,1,2,5,0,4,0,4,5,2,4,1,0,3,5,2,U F2 R2 F',4
484,4,5,4,5,3,3,3,3,5,1,5,1,1,2,1,2,0,0,0,0,4,2,4,2,R',1
485,0,0,4,2,0,5,0,1,2,1,2,1,1,5,3,3,2,3,4,3,4,4,5,5,F' U',2
486,4,4,5,2,4,5,4,2,3,0,3,0,2,5,1,1,2,1,5,1,3,3,0,0,F' U2,2
487,5,3,1,1,0,2,5,1,3,5,0,3,2,4,0,0,3,2,5,4,4,1,2,4,R U2 F' R',4
488,3,3,3,3,2,2,5,5,1,1,4,4,0,0,0,0,5,5,2,2,4,4,1,1,U2,1
489,4,4,4,4,0,0,5,5,2,2,0,0,1,1,1,1,3,3,2,2,5,5,3,3,U,1
490,4,4,0,2,1,0,1,2,2,3,2,3,3,5,1,1,3,4,5,4,5,5,0,0,F U',2
491,3,4,1,0,4,3,4,3,2,5,2,5,4,3,0,1,1,0,1,0,2,5,2,5,R2 F',2
492,5,0,5,0,4,4,4,4,3,5,3,5,2,3,2,3,1,1,1,1,2,0,2,0,R,1
493,4,3,4,3,5,5,0,4,0,4,2,2,1,1,0,0,2,2,1,3,1,3,5,5,U' F,2
494,4,0,4,5,0,2,1,0,2,4,0,2,2,3,1,1,3,3,3,4,1,5,5,5,U F U',3
495,5,5,0,0,2,0,2,0,4,4,4,4,3,3,2,2,3,5,3,5,1,1,1,1,F,1
496,3,3,0,0,4,1,5,5,5,5,4,1,0,3,0,3,4,1,2,2,2,2,4,1,U' R2,2
497,2,1,2,1,0,0,1,5,1,5,3,3,5,5,4,4,3,3,2,4,2,4,0,0,U' F',2
498,5,1,4,2,4,2,4,2,3,0,3,0,1,5,2,4,1,5,1,5,3,0,3,0,R2 F,2
499,2,3,4,0,5,2,4,4,3,1,0,2,1,0,5,0,1,5,1,2,4,3,5,3,R' F R2,3
500,3,3,3,3,1,1,4,4,5,5,2,2,0,0,0,0,4,4,1,1,2,2,5,5,U2,1
501,3,4,3,4,5,5,5,5,4,0,4,0,0,1,0,1,2,2,2,2,3,1,3,1,R',1
502,3,3,0,0,2,1,4,5,4,4,5,5,3,3,0,0,4,5,2,1,2,2,1,1,F2 U',2
503,4,4,1,1,3,3,0,0,2,2,5,5,4,4,1,1,0,0,3,3,2,2,5,5,F2 U2,2
504,1,1,1,1,2,2,0,0,0,0,5,5,4,4,4,4,5,5,3,3,3,3,2,2,U',1
505,5,2,5,2,0,0,4,1,4,1,3,3,2,2,5,5,3,3,4,1,4,1,0,0,U' F2,2
506,5,0,2,0,4,4,4,1,0,5,5,3,3,2,3,5,4,1,1,1,2,3,0,2,U2 R' U2,3
507,1,5,1,5,3,3,0,0,2,1,2,1,4,5,4,5,3,0,3,0,4,2,4,2,R' F2 R2,3
508,0,3,0,3,1,1,4,4,5,5,2,2,3,0,3,0,1,1,4,4,2,2,5,5,R2 U2,2
509,5,1,5,0,1,3,1,0,0,2,4,2,2,3,5,4,4,4,0,3,5,3,2,1,R U' F2,3
510,2,1,3,4,5,2,3,3,1,0,4,2,0,4,5,4,0,5,0,2,3,1,5,1,R' F R2,3
511,4,4,4,4,5,5,3,3,0,0,5,5,1,1,1,1,2,2,0,0,3,3,2,2,U,1
512,2,4,3,5,3,0,4,0,2,1,2,3,0,2,5,1,4,1,3,1,5,0,5,4,F2 R U,3
513,0,2,5,3,4,1,3,2,3,2,4,1,3,2,5,0,4,1,0,5,0,5,4,1,U' R2 F',3
514,5,0,5,1,0,4,1,1,4,5,2,0,3,2,4,2,3,3,0,4,2,1,3,5,U2 R F',3
515,2,0,3,5,4,1,4,1,2,3,2,3,0,2,5,3,4,1,4,1,5,0,5,0,F2 R,2
516,2,1,3,3,2,0,3,4,1,1,2,4,4,5,0,0,3,5,1,0,2,4,5,5,U2 F' U',3
517,4,4,0,0,4,3,4,3,5,5,5,5,3,3,1,1,0,1,0,1,2,2,2,2,F',1
518,1,0,2,0,5,5,1,1,3,1,3,2,5,3,4,3,2,4,2,4,4,0,5,0,R F',2
519,0,5,0,4,2,4,2,4,5,3,4,3,3,1,3,2,1,1,5,5,0,2,0,1,R' U,2
520,5,0,1,0,1,1,5,2,3,2,0,1,4,3,2,0,4,2,4,5,5,3,4,3,R F R2,3
521,1,1,5,5,4,5,0,0,3,3,4,5,2,4,2,4,2,1,3,3,0,0,2,1,U R,2
522,5,4,5,1,3,0,3,0,4,2,1,2,2,4,2,1,3,3,0,0,5,1,5,4,R' U2,2
523,2,3,4,4,2,1,3,1,3,3,5,5,1,1,5,0,4,5,4,0,2,0,2,0,F' R',2
524,5,2,5,2,4,4,3,3,0,0,1,1,2,2,5,5,4,4,0,0,3,3,1,1,U' F2 U2,3
525,2,2,0,0,2,3,0,5,4,4,1,1,5,5,3,3,0,5,2,3,1,1,4,4,U2 F',2
526,3,1,2,1,5,5,3,3,4,3,4,2,5,4,0,4,2,0,2,0,0,1,5,1,R F',2
527,1,1,2,2,4,2,4,2,3,0,3,0,5,5,1,1,5,4,5,4,3,3,0,0,F' U2 F2,3
528,5,5,2,2,4,4,5,5,0,0,3,3,4,4,1,1,1,1,2,2,0,0,3,3,F2 U2 F,3
529,4,1,3,5,1,3,1,2,2,0,5,0,0,2,4,4,0,1,5,4,5,2,3,3,F U' F2,3
530,2,5,2,5,1,1,1,1,3,0,3,0,5,2,5,2,4,4,4,4,3,0,3,0,R2,1
531,0,2,5,0,5,3,5,0,4,1,1,1,2,3,3,5,2,3,2,0,1,4,4,4,R2 F R2,3
532,0,5,1,1,2,1,3,5,0,0,3,1,4,2,4,3,4,5,2,2,3,5,4,0,U R U,3
533,2,4,2,2,4,5,2,3,0,0,5,4,1,3,5,5,1,1,4,0,3,3,1,0,U2 R F' R',4
534,1,1,3,0,1,3,1,0,5,2,5,2,0,3,4,4,0,4,3,4,5,5,2,2,F' U2,2
535,5,3,2,4,3,1,4,0,0,5,1,2,5,0,2,1,0,1,4,3,2,4,5,3,R F2 U',3
536,3,3,5,5,3,2,3,2,1,1,1,1,2,2,0,0,5,0,5,0,4,4,4,4,F',1
537,4,3,2,3,1,4,5,2,0,5,0,4,2,0,1,3,2,1,5,4,5,3,1,0,R' F R2 U2,4
538,5,1,5,1,3,3,3,3,1,2,1,2,2,4,2,4,0,0,0,0,5,4,5,4,R',1
539,2,0,1,1,2,4,0,4,0,0,5,5,4,4,5,3,1,5,1,3,2,3,2,3,F' R',2
540,5,0,3,4,5,1,0,2,4,0,4,2,0,1,3,3,4,2,5,2,5,3,1,1,F' U' F',3
541,2,3,0,4,0,1,3,5,1,2,5,5,0,1,5,0,3,2,3,4,2,4,1,4,R2 F' R' F2,4
542,3,0,4,4,3,4,0,4,5,5,2,2,1,1,0,3,1,0,1,3,2,5,2,5,F R2,2
543,3,3,0,0,4,1,4,1,2,5,2,5,3,3,0,0,1,4,1,4,2,5,2,5,R2 F2,2
544,0,2,0,4,2,1,0,1,2,3,2,1,1,5,3,3,4,4,4,3,0,5,5,5,U F' U',3
545,5,5,5,5,1,1,4,4,0,0,3,3,2,2,2,2,4,4,1,1,3,3,0,0,U2,1
546,3,3,3,1,2,4,3,4,2,0,1,2,0,4,2,0,1,1,0,5,5,5,5,4,R' U' F,3
547,5,5,1,1,2,1,2,1,0,0,0,0,4,4,2,2,4,5,4,5,3,3,3,3,F,1
548,2,3,0,5,0,5,0,5,1,4,1,4,3,2,5,0,3,2,3,2,1,4,1,4,R2 F,2
549,2,2,5,5,0,3,1,4,1,4,3,0,5,2,5,2,3,0,1,4,1,4,0,3,U' F2 R2,3
550,3,3,1,1,3,4,2,2,2,2,1,0,0,4,0,4,1,0,5,5,5,5,3,4,U' R',2
551,1,1,4,4,5,2,3,0,3,0,5,2,1,4,1,4,2,5,3,0,3,0,2,5,U F2 R2,3
552,2,2,2,2,0,0,4,4,1,1,0,0,5,5,5,5,3,3,1,1,4,4,3,3,U,1
553,0,2,1,1,5,1,3,1,3,3,2,2,4,4,3,5,4,2,4,0,0,5,0,5,F R',2
554,3,4,3,1,5,2,5,2,4,3,1,3,0,4,0,1,2,2,5,5,0,1,0,4,R U2,2
555,4,4,4,4,2,2,5,5,3,3,0,0,1,1,1,1,5,5,2,2,0,0,3,3,U2,1
556,1,3,1,3,2,2,2,2,0,1,0,1,4,0,4,0,5,5,5,5,4,3,4,3,R,1
557,0,2,3,4,5,4,1,2,5,0,1,3,0,5,3,1,2,4,1,5,3,4,0,2,R F2 U,3
558,0,5,1,5,1,1,3,3,2,0,2,1,4,2,3,2,4,0,4,0,3,5,4,5,R F,2
559,5,3,5,4,3,1,3,1,1,5,0,5,2,1,2,0,0,0,4,4,2,4,2,3,R U',2
560,0,3,0,3,5,5,2,2,4,4,4,4,0,3,0,3,5,5,2,2,1,1,1,1,R2 U2 R2,3
561,4,3,2,3,1,1,2,2,3,5,3,1,5,0,1,0,5,4,5,4,2,0,4,0,R' F,2
562,4,2,1,3,4,0,3,0,2,2,0,1,4,2,1,1,3,0,3,5,4,5,5,5,F' U F' U',4
563,2,3,2,0,1,4,1,4,3,2,0,2,5,3,5,0,4,4,1,1,5,0,5,3,R U2,2
564,3,2,4,2,1,1,3,3,5,3,5,4,1,5,0,5,4,0,4,0,0,2,1,2,R F',2
565,3,5,3,4,5,1,5,1,5,0,4,0,0,1,0,2,4,4,2,2,3,2,3,1,R' U',2
566,0,4,1,4,3,3,2,1,2,5,2,3,4,1,3,5,4,0,5,0,2,5,0,1,R' F U',3
567,3,3,3,3,1,1,5,5,5,5,4,4,0,0,0,0,4,4,2,2,2,2,1,1,U',1
568,3,3,0,0,4,1,4,1,5,5,2,2,0,0,3,3,4,1,4,1,2,2,5,5,U2 F2,2
569,3,3,0,0,4,1,4,1,5,5,5,5,3,3,0,0,4,1,4,1,2,2,2,2,F2,1
570,5,0,1,0,2,2,1,1,0,4,0,2,4,3,2,3,4,5,4,5,1,3,5,3,R' F,2
571,0,0,1,1,0,4,1,3,5,5,2,2,3,3,4,4,1,3,0,4,2,2,5,5,U2 F',2
572,2,2,1,1,5,1,5,1,3,3,3,3,4,4,5,5,4,2,4,2,0,0,0,0,F,1
573,0,5,0,5,4,4,1,1,5,3,0,2,2,3,2,3,1,1,4,4,0,2,5,3,U2 R',2
574,0,4,0,5,1,5,1,5,2,0,1,0,3,2,3,1,4,4,2,2,3,5,3,4,R U,2
575,4,4,3,3,4,0,4,0,2,2,2,2,0,0,1,1,3,1,3,1,5,5,5,5,F',1
576,4,4,0,0,4,3,0,1,5,5,2,2,1,1,3,3,0,1,4,3,2,2,5,5,U2 F',2
577,1,0,1,2,3,5,3,2,2,4,3,4,1,5,4,3,0,0,2,5,4,5,1,0,R U F2,3
578,5,5,1,3,5,0,3,4,3,4,1,2,2,4,2,0,3,2,0,0,1,1,5,4,U' R' U',3
579,5,1,5,0,1,3,1,3,1,2,0,2,2,3,2,4,0,0,4,4,5,4,5,3,R' U',2
580,4,1,2,2,4,2,1,2,0,0,3,3,5,5,1,4,5,1,5,4,3,0,3,0,F R2,2
581,2,2,0,0,5,0,3,2,1,1,4,4,5,5,3,3,3,2,5,0,4,4,1,1,U2 F,2
582,3,3,2,2,0,2,0,2,1,1,1,1,5,5,0,0,5,3,5,3,4,4,4,4,F,1
583,3,3,1,1,0,1,5,5,5,5,4,3,0,4,0,4,4,3,2,2,2,2,0,1,U' R,2
584,2,0,4,0,5,5,1,2,0,1,2,3,3,5,3,1,1,2,4,4,4,3,0,5,U2 R' U,3
585,2,3,3,5,1,4,1,1,2,0,5,3,0,5,2,0,4,1,4,4,5,0,2,3,U2 F2 R U2,4
586,3,3,0,0,1,4,5,5,2,2,1,4,3,0,3,0,1,4,2,2,5,5,1,4,U R2,2
587,0,0,2,2,3,2,1,1,4,4,3,2,5,3,5,3,5,0,4,4,1,1,5,0,U R,2
588,0,2,0,5,1,4,1,4,2,0,5,0,3,2,3,5,4,4,1,1,3,5,3,2,R U2,2
589,3,4,3,4,5,5,2,2,4,0,3,1,1,0,1,0,2,2,5,5,3,1,4,0,U2 R',2
590,1,4,1,3,4,0,1,1,5,2,5,5,4,0,0,0,3,3,4,3,5,2,2,2,F U2 F' U2,4
591,4,4,2,2,1,2,3,3,3,3,5,4,1,5,1,5,5,4,0,0,0,0,1,2,U' R,2
592,2,1,2,1,0,0,0,0,1,5,1,5,5,4,5,4,3,3,3,3,2,4,2,4,R',1
593,1,1,1,1,3,3,0,0,2,2,5,5,4,4,4,4,0,0,3,3,5,5,2,2,U2,1
594,5,3,0,0,2,4,1,0,4,4,2,3,3,5,2,2,1,5,3,4,5,0,1,1,F2 U F',3
595,1,3,0,2,0,2,4,2,5,1,4,0,3,5,3,0,3,1,5,5,4,2,4,1,R U R,3
596,0,0,3,3,1,4,1,4,5,5,2,2,3,3,0,0,1,4,1,4,2,2,5,5,U2 F2,2
597,1,4,0,5,4,0,0,0,2,3,4,2,2,1,3,1,3,4,5,3,5,2,5,1,U R F' U2,4
598,3,3,0,0,4,2,5,1,5,5,1,1,3,3,0,0,5,1,4,2,4,4,2,2,F2 U',2
599,0,0,5,5,3,5,1,1,1,1,2,0,3,2,3,2,2,0,4,4,4,4,3,5,U' R,2
600,3,3,5,1,3,4,5,0,1,2,4,4,0,0,4,2,1,0,3,2,5,5,1,2,U2 F' R',3
601,0,5,2,1,0,4,1,4,1,5,3,3,5,5,3,2,1,3,2,4,0,2,0,4,F' R' U',3
602,0,0,5,1,3,5,3,1,1,2,1,2,2,4,3,3,2,0,4,0,4,4,5,5,F U',2
603,2,5,0,3,2,3,0,5,1,1,4,4,5,2,3,0,3,2,5,0,4,4,1,1,R2 U2 F,3
604,1,2,3,2,3,3,1,4,5,4,2,3,0,5,4,2,0,4,0,1,1,5,0,5,R F R2,3
605,0,0,1,1,3,1,2,2,2,2,4,0,3,4,3,4,4,0,5,5,5,5,3,1,U' R,2
606,3,0,3,0,4,1,2,5,1,5,2,4,0,3,0,3,2,5,4,1,5,1,4,2,F2 R2 U,3
607,0,0,4,1,0,4,0,1,2,5,2,5,1,4,3,3,1,3,4,3,2,2,5,5,F' U2,2
608,5,2,1,1,5,1,2,1,3,3,0,0,4,4,2,5,4,2,4,5,0,3,0,3,F R2,2
609,0,4,4,3,1,0,2,2,2,5,4,3,3,1,1,0,1,3,5,5,5,2,4,0,U' F2 R' F2,4
610,2,5,2,5,1,1,1,4,3,0,2,2,0,3,3,0,4,4,4,1,3,0,5,5,R2 U2 R' F2,4
611,0,0,5,5,3,5,2,0,1,1,4,4,3,3,2,2,2,0,3,5,4,4,1,1,U2 F,2
612,2,0,5,0,1,1,4,4,0,2,0,5,2,3,5,3,1,4,1,4,5,3,2,3,R' F2,2
613,5,0,4,0,5,5,1,1,0,1,0,2,1,3,2,3,4,2,4,2,4,3,5,3,R' F',2
614,0,5,1,5,0,0,4,4,5,4,5,3,4,2,3,2,1,3,1,3,1,2,0,2,R' F',2
615,1,1,0,5,4,0,5,3,5,3,2,1,4,3,4,2,3,1,0,0,2,2,4,5,U' R U',3
616,0,5,4,4,0,1,5,1,2,2,0,0,1,1,3,2,4,3,4,2,3,5,3,5,F' R,2
617,5,2,5,2,3,3,1,4,1,4,3,3,5,5,2,2,0,0,1,4,1,4,0,0,U F2,2
618,2,4,2,4,0,0,3,3,1,2,5,4,1,5,1,5,3,3,0,0,5,4,1,2,U2 R,2
619,3,2,3,0,2,3,1,1,5,4,1,3,2,5,0,5,4,4,5,0,1,2,0,4,R2 U F',3
620,1,1,3,3,1,0,1,0,5,5,5,5,0,0,4,4,3,4,3,4,2,2,2,2,F',1
621,0,3,1,4,3,1,0,4,5,5,2,2,4,1,0,3,4,3,1,0,2,5,2,5,F U2 R2,3
622,5,5,3,3,5,0,1,1,4,4,5,0,0,2,0,2,3,2,4,4,1,1,3,2,U R',2
623,2,3,2,2,1,5,3,1,3,3,5,4,1,5,5,0,4,4,4,0,1,0,2,0,F' R' F,3
624,1,0,1,0,2,2,0,4,0,4,5,5,4,4,3,3,5,5,1,3,1,3,2,2,U' F',2
625,2,5,1,1,2,4,5,4,0,0,3,3,4,4,5,2,1,5,1,2,0,3,0,3,F' R2,2
626,1,0,5,5,1,2,0,2,0,0,4,4,2,2,4,3,5,4,5,3,1,3,1,3,F' R',2
627,5,5,3,3,1,4,1,4,2,5,2,5,0,0,2,2,4,1,4,1,0,3,0,3,R2 F2 R',3
628,1,0,4,4,0,5,2,1,2,2,1,3,0,1,3,3,2,3,4,5,4,0,5,5,F2 U' F,3
629,5,2,5,2,0,0,4,4,3,1,4,0,2,5,2,5,1,1,3,3,4,0,3,1,R2 U,2
630,3,0,4,1,3,4,0,1,5,2,5,2,4,1,0,3,4,0,1,3,2,2,5,5,F R2 U2,3
631,1,1,5,5,4,5,2,1,3,3,0,0,4,4,2,2,2,1,4,5,0,0,3,3,U2 F,2
632,1,3,1,0,2,5,1,3,3,4,2,5,3,0,4,4,2,2,0,4,1,0,5,5,U F' U2,3
633,1,1,1,1,3,3,5,5,2,2,3,3,4,4,4,4,0,0,2,2,5,5,0,0,U,1
634,4,2,4,2,0,0,0,0,2,1,2,1,1,5,1,5,3,3,3,3,4,5,4,5,R',1
635,3,3,4,4,3,1,2,2,5,5,3,1,1,0,1,0,4,0,5,5,2,2,4,0,U R',2
636,3,3,0,0,2,5,2,5,4,4,4,4,3,3,0,0,2,5,2,5,1,1,1,1,F2,1
637,5,0,5,0,1,1,0,2,0,2,4,4,2,2,3,3,4,4,5,3,5,3,1,1,U' F',2
638,0,5,0,3,5,0,1,1,2,4,1,0,5,2,3,2,4,4,2,3,1,5,3,4,R2 U F',3
639,0,0,5,1,2,4,2,2,4,0,0,4,4,3,3,3,5,3,5,5,2,1,1,1,U F U' F',4
640,3,3,3,0,4,2,2,1,2,5,1,1,0,0,0,3,5,1,4,5,4,4,5,2,F2 U' R2,3
641,0,1,0,1,2,2,2,2,4,0,4,0,3,4,3,4,5,5,5,5,3,1,3,1,R,1
642,2,3,5,0,1,1,4,0,1,2,5,3,4,2,1,5,4,0,3,3,2,0,4,5,F2 U2 R' F',4
643,0,2,4,4,0,1,2,1,2,2,3,3,1,1,3,5,4,3,4,5,0,5,0,5,F' R',2
644,0,1,5,5,1,2,0,0,4,0,4,4,2,2,3,2,4,3,5,3,3,5,1,1,R F' U',3
645,0,4,0,2,1,2,1,2,4,3,2,3,3,5,3,1,5,5,4,4,0,1,0,5,R' U,2
646,0,4,2,2,1,2,3,2,3,3,4,4,5,5,3,1,5,4,5,0,0,1,0,1,F R',2
647,2,2,0,1,2,4,1,1,4,0,2,3,4,5,3,5,1,5,4,0,3,3,0,5,U R' F,3
648,1,1,5,5,4,5,4,5,3,3,3,3,2,2,4,4,2,1,2,1,0,0,0,0,F,1
649,4,5,2,5,3,3,5,4,0,1,2,0,1,1,4,2,2,1,0,3,4,3,0,5,R2 U' R' F2,4
650,4,5,0,2,1,4,3,3,5,3,2,4,3,5,1,5,0,1,0,4,0,2,1,2,R' F' R2,3
651,3,3,5,1,3,4,3,2,1,2,1,2,2,4,0,0,1,0,5,0,5,5,4,4,F' U',2
652,0,0,3,3,5,2,5,2,4,4,1,1,3,3,0,0,5,2,5,2,1,1,4,4,U2 F2,2
653,3,3,0,0,5,5,4,4,1,1,3,3,5,2,5,2,2,2,4,4,1,1,0,0,U' R2 U2 R',4
654,3,0,4,4,3,1,0,1,5,5,2,2,1,1,0,3,4,0,4,3,5,2,5,2,F' R2,2
655,2,0,2,1,3,1,3,1,4,2,3,2,5,4,5,3,0,0,4,4,5,1,5,0,R U,2
656,2,4,2,1,3,0,3,0,4,2,1,2,5,4,5,1,0,0,3,3,5,1,5,4,R U2,2
657,3,0,5,4,0,1,5,5,0,2,4,1,2,3,0,3,2,4,2,3,5,1,4,1,R' F R',3
658,1,4,1,4,0,0,5,0,3,2,3,3,4,4,1,1,2,2,3,2,5,0,5,5,U' F2 U,3
659,1,1,0,0,1,3,2,2,2,2,0,4,4,3,4,3,0,4,5,5,5,5,1,3,U' R',2
660,1,5,0,2,0,3,1,1,2,1,2,3,3,5,4,5,3,4,0,4,4,2,0,5,R F' U2,3
661,4,2,0,2,3,3,4,4,5,4,5,0,3,5,1,5,0,1,0,1,1,2,3,2,R F',2
662,2,4,2,1,3,0,3,3,4,2,5,4,1,5,4,5,0,0,3,0,5,1,1,2,U2 R F2,3
663,0,1,5,3,2,3,4,2,4,1,2,0,0,5,5,4,2,3,0,1,5,4,3,1,F' R U2 F',4
664,0,0,0,5,4,1,4,1,2,3,3,3,2,2,2,3,4,4,1,1,5,5,5,0,R' U2 R,3
665,5,0,5,3,4,1,4,1,0,2,3,2,2,0,2,3,4,4,1,1,5,3,5,0,R' U2,2
666,0,0,5,1,0,4,1,1,4,5,0,2,4,3,2,3,1,3,4,5,2,2,5,3,U R' F,3
667,3,0,3,0,5,5,2,2,4,1,4,1,3,0,3,0,2,2,5,5,4,1,4,1,U2 R2,2
668,1,1,4,4,2,3,0,5,3,3,2,2,1,1,4,4,0,5,2,3,5,5,0,0,F2 U,2
669,2,2,4,1,2,4,2,1,3,0,3,0,1,4,5,5,1,5,4,5,3,3,0,0,F' U2,2
670,1,2,3,2,0,0,1,1,5,1,5,3,0,5,4,5,3,4,3,4,4,2,0,2,R F',2
671,1,1,0,0,4,0,3,1,5,5,2,2,4,4,3,3,3,1,4,0,2,2,5,5,U2 F,2
672,0,0,3,3,4,1,4,1,2,2,5,5,3,3,0,0,4,1,4,1,5,5,2,2,U2 F2,2
673,2,5,2,5,0,0,1,1,3,4,1,0,5,2,5,2,4,4,3,3,1,0,3,4,R2 U,2
674,2,5,2,5,3,3,1,1,3,1,4,0,5,2,5,2,4,4,0,0,4,0,3,1,R2 U',2
675,3,0,3,0,1,4,4,1,2,2,5,5,0,3,0,3,4,1,1,4,2,2,5,5,F2 R2 U2,3
676,4,3,2,2,4,5,3,5,0,0,4,4,5,5,1,0,2,1,2,0,1,3,1,3,F' R,2
677,3,0,2,5,4,1,1,4,3,3,2,2,0,3,5,2,1,4,4,1,5,5,0,0,F2 R2 U2 R',4
678,3,0,3,0,1,1,5,2,5,2,4,4,0,0,3,3,4,4,5,2,5,2,1,1,U' F2,2
679,2,0,5,5,1,2,1,3,0,0,2,3,3,5,2,4,1,4,0,4,1,3,5,4,U2 F' U' R',4
680,0,0,3,3,1,4,2,2,5,5,1,4,0,3,0,3,1,4,5,5,2,2,1,4,U R2,2
681,0,3,0,3,5,5,5,5,1,4,1,4,3,0,3,0,2,2,2,2,1,4,1,4,R2,1
682,4,4,4,5,1,0,0,5,2,0,2,4,1,2,0,1,3,3,2,3,5,5,3,1,F U R',3
683,4,0,0,5,0,2,1,1,2,4,2,2,3,3,1,3,3,4,5,4,1,5,5,0,R F U',3
684,0,0,3,3,5,1,4,2,4,4,2,2,0,0,3,3,4,2,5,1,5,5,1,1,F2 U',2
685,5,2,0,0,5,0,4,4,1,1,3,5,2,3,5,3,3,2,4,1,4,1,2,0,U' R F2,3
686,1,1,0,0,4,0,5,5,5,5,3,1,4,3,4,3,3,1,2,2,2,2,4,0,U' R,2
687,1,1,4,4,5,3,0,2,0,0,2,2,1,1,4,4,0,2,5,3,5,5,3,3,F2 U',2
688,1,4,1,3,1,3,2,0,2,5,5,3,0,1,5,4,0,0,3,4,2,5,2,4,U F' U R',4
689,3,2,4,2,0,4,2,1,0,1,3,3,5,1,5,5,1,2,4,4,3,5,0,0,U' R U' R',4
690,0,5,4,5,0,1,3,5,2,4,1,1,2,2,2,3,5,3,0,0,3,1,4,4,U R' U R,4
691,4,4,4,4,3,3,0,0,5,5,2,2,1,1,1,1,0,0,3,3,2,2,5,5,U2,1
692,0,0,3,3,4,2,5,5,2,2,5,1,0,3,0,3,5,1,4,4,1,1,4,2,U R2 U,3
693,4,0,3,1,0,4,0,4,2,5,2,5,0,4,1,3,3,1,3,1,2,5,2,5,R2 F',2
694,0,0,1,4,0,1,1,3,5,2,2,2,3,3,1,4,4,3,0,4,5,5,5,2,U2 F' R2,3
695,3,1,3,1,2,2,1,0,1,0,5,5,0,0,4,4,5,5,3,4,3,4,2,2,U' F',2
696,1,1,0,3,4,0,4,3,5,2,5,2,3,0,4,4,3,1,0,1,2,2,5,5,F U2,2
697,1,3,0,4,0,4,5,3,1,2,5,4,1,0,4,5,3,2,3,0,5,2,1,2,R F R F,4
698,1,0,3,4,0,1,0,1,5,2,5,2,0,1,4,3,3,4,3,4,5,2,5,2,R2 F',2
699,1,1,1,1,0,0,3,3,5,5,2,2,4,4,4,4,3,3,0,0,2,2,5,5,U2,1
700,1,1,0,1,0,0,2,4,4,5,5,0,3,4,4,5,3,5,3,1,2,2,3,2,R F R',3
701,5,5,4,0,2,4,3,5,3,4,1,1,2,2,3,1,1,5,2,0,0,0,3,4,U2 F R,3
702,5,5,5,5,3,3,0,0,1,1,4,4,2,2,2,2,0,0,3,3,4,4,1,1,U2,1
703,2,2,4,3,2,0,2,1,3,1,3,1,1,0,5,5,3,5,4,5,4,4,0,0,F' U',2
704,4,1,4,1,3,3,3,3,5,2,5,2,1,4,1,4,0,0,0,0,5,2,5,2,R2,1
705,5,5,0,2,1,0,2,4,2,3,4,4,3,3,2,0,3,4,1,5,1,1,5,0,F2 U' R',3
706,0,3,0,0,2,5,1,4,4,4,4,5,3,0,3,3,1,5,1,5,1,2,2,2,F2 U F2 U',4
707,2,2,0,4,2,1,1,1,4,3,2,3,1,5,3,5,4,5,4,3,0,0,0,5,U R' F',3
708,0,3,2,3,4,4,5,0,1,2,0,4,5,0,5,2,2,3,1,1,5,4,1,3,R2 U R',3
709,5,0,3,5,1,4,1,1,2,0,5,0,0,2,2,3,4,1,4,4,2,3,5,3,F2 R' F2,3
710,0,4,3,2,1,5,1,2,4,3,5,3,0,5,0,1,5,2,4,4,3,1,0,2,R' U R2,3
711,5,5,2,2,4,1,4,1,0,0,3,3,2,2,5,5,4,1,4,1,3,3,0,0,U2 F2,2
712,3,0,3,0,5,5,4,4,2,1,4,5,0,3,0,3,1,1,2,2,4,5,2,1,R2 U,2
713,5,0,5,0,1,4,1,4,3,2,3,2,5,3,5,3,1,1,4,4,2,0,2,0,R' U2 R2,3
714,5,2,5,2,1,1,3,3,1,3,0,4,2,5,2,5,0,0,4,4,0,4,1,3,R2 U',2
715,5,5,5,5,4,4,3,3,3,3,1,1,2,2,2,2,1,1,0,0,0,0,4,4,U',1
716,1,2,0,2,1,1,3,3,2,3,2,4,3,5,4,5,0,4,0,4,0,5,1,5,R' F',2
717,5,3,5,3,1,1,4,4,0,5,2,3,0,2,0,2,4,4,1,1,2,3,0,5,U2 R,2
718,3,0,4,1,3,4,0,1,2,2,5,5,1,4,3,0,1,3,4,0,2,5,2,5,F' U2 R2,3
719,0,0,3,4,2,1,0,5,1,3,2,2,1,1,4,3,4,5,2,3,5,5,4,0,F2 U R,3
720,4,4,2,3,1,2,0,4,3,5,2,2,1,1,0,5,5,4,1,3,0,0,3,5,U2 F R',3
721,5,5,2,2,0,3,0,3,1,1,4,4,2,2,5,5,0,3,0,3,4,4,1,1,U2 F2,2
722,1,1,3,1,5,5,2,0,5,3,1,0,3,4,4,5,2,4,3,2,0,0,4,2,F' U' R U2,4
723,2,3,2,5,0,5,1,5,3,4,3,2,5,3,0,0,4,4,2,4,1,0,1,1,U' F2 U F,4
724,1,3,2,2,1,5,3,5,3,3,4,4,5,5,4,0,2,4,2,0,1,0,1,0,F' R',2
725,3,0,3,0,1,1,5,2,5,2,1,1,3,3,0,0,4,4,5,2,5,2,4,4,U F2,2
726,1,5,0,5,3,3,1,1,2,1,2,0,3,2,4,2,0,4,0,4,4,5,3,5,R F',2
727,5,0,1,4,5,1,0,4,5,0,3,2,4,1,3,2,4,3,1,2,5,3,0,2,F' U2 R',3
728,3,0,3,0,4,4,4,4,2,5,2,5,0,3,0,3,1,1,1,1,2,5,2,5,R2,1
729,1,5,2,0,4,0,4,4,4,5,5,5,3,3,2,3,3,0,1,1,1,2,2,0,F U' F' R,4
730,1,5,1,3,5,0,5,0,5,4,3,4,4,0,4,2,3,3,2,2,1,2,1,0,R' U',2
731,1,2,1,2,3,3,0,0,2,4,1,5,5,4,5,4,0,0,3,3,1,5,2,4,U2 R',2
732,3,5,3,5,4,4,2,3,2,3,1,1,0,0,2,2,1,1,0,5,0,5,4,4,U' F,2
733,3,3,0,0,2,4,1,5,4,4,2,2,3,3,0,0,1,5,2,4,5,5,1,1,F2 U,2
734,0,1,0,4,5,2,5,2,1,0,4,0,3,1,3,4,2,2,5,5,3,4,3,1,R U2,2
735,0,5,0,4,0,1,5,5,1,2,1,0,3,1,3,3,4,2,2,2,3,5,4,4,F' U F,3
736,0,4,3,4,5,5,2,2,1,0,1,3,0,1,3,1,2,5,2,5,3,4,0,4,R F2,2
737,1,0,1,0,5,5,5,5,3,1,3,1,4,3,4,3,2,2,2,2,4,0,4,0,R,1
738,0,3,0,4,3,1,5,5,1,5,2,0,3,1,4,1,2,2,0,4,2,4,3,5,R2 U' F',3
739,4,2,5,3,4,3,4,1,3,2,4,2,5,0,1,5,3,1,0,0,1,5,0,2,F2 R F U2,4
740,2,2,3,0,2,3,1,4,1,4,3,5,5,0,5,3,0,5,4,4,1,1,2,0,U' R' U2,3
741,0,1,3,1,2,2,5,5,4,0,4,3,0,4,3,4,5,2,5,2,3,1,0,1,R F2,2
742,4,3,4,3,5,5,5,5,0,4,0,4,1,0,1,0,2,2,2,2,1,3,1,3,R,1
743,4,4,1,1,0,3,0,3,2,5,2,5,4,4,1,1,3,0,3,0,2,5,2,5,R2 F2,2
744,5,4,5,3,1,3,4,3,1,5,3,2,5,0,2,1,0,0,1,4,2,4,2,0,R' U F2,3
745,0,5,1,4,2,1,0,4,0,3,5,5,4,4,3,2,1,5,1,3,3,2,0,2,F R' F2,3
746,4,4,0,3,1,0,1,3,2,5,2,5,3,0,1,1,3,4,0,4,5,5,2,2,F U2,2
747,5,5,1,1,2,1,4,5,0,0,3,3,2,2,4,4,4,5,2,1,3,3,0,0,U2 F,2
748,5,2,5,2,0,3,0,3,4,1,4,1,2,5,2,5,0,3,0,3,1,4,1,4,F2 R2,2
749,2,5,3,3,2,3,5,3,1,1,4,4,0,0,5,2,0,5,0,2,4,1,4,1,F R2,2
750,4,0,3,1,3,1,3,1,5,2,5,2,0,4,1,3,0,4,0,4,5,2,5,2,R2 F,2
751,0,5,4,2,1,3,0,4,5,3,2,1,3,5,1,2,1,0,3,4,4,2,0,5,R' U2 F,3
752,2,3,1,3,5,5,1,1,3,4,3,5,4,0,5,0,4,2,4,2,1,0,2,0,R' F,2
753,3,0,3,0,5,5,1,1,5,1,4,2,0,3,0,3,4,4,2,2,4,2,5,1,R2 U',2
754,0,3,0,3,1,1,5,5,1,5,2,4,3,0,3,0,2,2,4,4,2,4,1,5,R2 U',2
755,5,5,2,2,1,1,4,4,3,3,0,0,5,5,2,2,4,4,1,1,3,3,0,0,F2 U2,2
756,2,0,2,3,4,1,4,1,0,2,3,2,5,0,5,3,1,1,4,4,5,3,5,0,R U2,2
757,4,5,0,0,4,3,5,3,5,5,1,1,3,3,1,2,0,1,0,2,4,2,4,2,F' R',2
758,5,5,2,2,4,1,3,3,0,0,4,1,5,2,5,2,4,1,0,0,3,3,4,1,U R2,2
759,0,0,2,2,0,5,1,1,1,1,2,3,3,5,3,5,2,3,4,4,4,4,0,5,U' R',2
760,2,3,2,3,1,1,3,5,3,5,4,4,5,5,0,0,4,4,2,0,2,0,1,1,U' F',2
761,0,5,1,5,4,4,0,3,5,3,2,1,4,5,3,2,1,3,1,0,0,2,4,2,R F' R2,3
762,1,4,1,4,2,2,0,3,0,3,5,5,4,4,1,1,5,5,0,3,0,3,2,2,U' F2,2
763,3,4,0,5,4,2,5,1,1,3,2,0,3,1,0,2,1,2,5,4,0,5,3,4,R F2 U',3
764,0,5,5,4,2,4,3,2,1,3,4,5,0,1,5,3,1,0,3,2,0,2,1,4,F' U R2 F',4
765,5,1,5,3,1,0,1,0,0,5,4,5,2,0,2,4,4,4,3,3,2,3,2,1,R U',2
766,2,2,3,3,2,0,4,4,1,1,2,0,0,5,0,5,3,5,1,1,4,4,3,5,U R',2
767,0,5,4,5,1,1,0,0,2,0,2,4,1,2,3,2,4,3,4,3,3,5,1,5,R F',2
768,2,2,4,4,3,0,3,0,2,5,2,5,1,1,5,5,0,3,0,3,4,1,4,1,R2 F2 R,3
769,0,2,3,4,5,4,1,2,2,0,4,3,0,5,3,1,5,1,4,2,3,1,0,5,R' F2 U,3
770,0,2,0,2,1,1,2,3,2,3,4,4,3,3,5,5,4,4,0,5,0,5,1,1,U' F',2
771,1,4,1,4,5,5,2,0,2,0,3,3,1,1,4,4,0,0,3,5,3,5,2,2,U F2 U,3
772,0,0,2,2,0,5,0,5,1,1,1,1,5,5,3,3,2,3,2,3,4,4,4,4,F',1
773,3,2,0,5,4,4,1,1,2,3,5,0,0,2,3,5,1,4,1,4,3,5,0,2,R U2 F2,3
774,3,1,4,0,1,3,4,0,5,2,5,2,4,0,3,1,4,0,1,3,5,2,5,2,U2 R2 F',3
775,4,2,0,2,1,1,0,0,2,3,2,1,3,5,1,5,3,4,3,4,0,5,4,5,R' F,2
776,4,5,1,1,3,0,5,4,2,2,3,4,4,0,1,2,3,0,3,2,1,5,0,5,F' R F',3
777,4,5,0,0,2,0,1,0,4,4,2,2,3,3,1,2,3,5,3,4,1,5,1,5,F R,2
778,1,1,4,4,0,0,4,4,2,2,5,5,3,3,0,0,3,3,1,1,2,2,5,5,F2 U2 F',3
779,2,1,4,0,1,3,1,2,3,2,5,2,1,3,5,4,4,5,4,0,5,0,3,0,R2 F' R',3
780,3,2,0,2,1,1,4,4,5,3,5,0,3,5,0,5,4,1,4,1,0,2,3,2,R F2,2
781,4,4,1,1,3,5,2,0,2,2,0,0,4,4,1,1,2,0,3,5,3,3,5,5,F2 U',2
782,4,4,5,4,5,5,3,1,1,0,0,5,2,1,1,0,2,0,2,4,3,3,2,3,R F R',3
783,4,0,3,0,4,1,3,1,2,5,2,2,4,4,1,3,3,1,0,0,5,5,5,2,F R2 F U2,4
784,2,5,2,5,3,3,0,0,1,1,4,4,5,2,5,2,3,3,0,0,4,4,1,1,R2 U2,2
785,0,5,0,3,2,1,1,3,2,1,1,5,2,0,3,2,4,4,4,0,3,5,4,5,R U F U',4
786,4,4,5,0,1,5,1,0,0,2,0,2,2,3,1,1,2,4,3,4,3,3,5,5,F U',2
787,0,3,0,3,1,1,2,2,4,5,2,1,3,0,3,0,5,5,4,4,2,1,4,5,R2 U,2
788,2,4,5,3,1,0,1,3,4,5,0,5,2,0,2,1,0,3,4,4,5,1,2,3,R' U R2,3
789,1,0,3,1,0,4,0,1,5,5,2,5,0,4,4,3,3,4,3,1,2,2,5,2,R2 F' R2,3
790,2,4,5,4,0,0,4,0,3,2,3,5,2,3,2,1,3,1,1,1,5,4,5,0,R U R2 U',4
791,0,3,0,3,2,5,1,4,4,1,2,5,0,0,3,3,2,5,4,1,1,4,2,5,U R2 F2,3
792,0,4,0,4,5,5,5,5,1,0,1,0,3,1,3,1,2,2,2,2,3,4,3,4,R,1
793,2,1,0,0,2,3,1,3,4,4,2,2,3,3,5,4,0,5,0,4,5,1,5,1,F' R,2
794,0,1,4,3,5,2,5,2,0,4,0,4,1,0,3,4,5,2,5,2,3,1,3,1,F2 R,2
795,4,0,2,2,3,2,3,3,4,4,5,4,1,5,3,5,5,0,1,0,1,0,1,2,U' R F,3
796,4,4,1,1,2,5,2,5,0,0,0,0,4,4,1,1,2,5,2,5,3,3,3,3,F2,1
797,1,2,1,3,5,0,5,4,3,4,3,0,4,1,5,0,2,2,1,2,4,0,5,3,U' F R U2,4
798,1,5,2,1,2,1,5,5,3,0,1,3,0,4,4,4,3,4,2,5,3,2,0,0,R' F' R U',4
799,2,2,2,0,4,1,4,1,3,5,5,5,3,3,3,5,4,4,1,1,0,0,0,2,R' U2 R,3
800,0,2,0,2,4,4,1,1,5,0,3,2,5,3,5,3,1,1,4,4,3,2,5,0,U2 R,2
801,2,2,3,4,2,1,2,0,1,3,1,3,0,1,5,5,4,5,3,5,0,0,4,4,F' U,2
802,0,4,1,3,1,3,1,3,2,5,2,5,4,0,3,1,4,0,4,0,2,5,2,5,R2 F,2
803,1,4,1,4,2,2,2,2,0,3,0,3,4,1,4,1,5,5,5,5,0,3,0,3,R2,1
804,0,4,2,4,3,3,2,2,4,5,4,3,5,1,3,1,5,0,5,0,2,1,0,1,R' F,2
805,0,0,4,1,0,4,4,3,2,5,5,5,3,3,4,1,1,3,0,1,2,2,2,5,U2 F' R2,3
806,1,1,1,1,0,0,2,2,5,5,0,0,4,4,4,4,3,3,5,5,2,2,3,3,U,1
807,4,5,4,5,3,3,5,1,5,1,0,0,1,1,2,2,0,0,4,2,4,2,3,3,U' F',2
808,1,1,0,1,3,3,1,2,2,2,4,0,3,2,4,4,0,4,0,5,5,5,3,5,R F' R',3
809,0,4,0,3,1,3,2,2,4,5,2,3,4,1,3,1,5,5,4,0,2,1,0,5,R2 U F,3
810,0,1,0,4,2,5,2,5,1,3,4,3,3,1,3,4,2,2,5,5,0,4,0,1,R' U2,2
811,1,1,5,5,1,2,5,4,0,0,3,3,4,4,2,2,5,4,1,2,3,3,0,0,U2 F',2
812,3,3,0,0,1,1,4,4,2,2,5,5,3,3,0,0,4,4,1,1,2,2,5,5,F2 U2,2
813,0,0,5,3,4,5,3,1,3,2,1,1,2,2,3,5,2,1,4,0,4,4,0,5,F2 U' R',3
814,1,1,5,5,4,5,3,3,3,3,2,1,4,2,4,2,2,1,0,0,0,0,4,5,U' R,2
815,0,1,2,3,1,0,5,5,1,5,3,4,5,0,3,0,2,3,2,4,2,4,1,4,R' F' R',3
816,0,1,0,4,2,5,4,3,1,3,5,5,3,3,4,1,2,2,0,1,0,4,2,5,U' F' R2,3
817,1,1,0,0,4,0,2,2,5,5,4,0,3,4,3,4,3,1,5,5,2,2,3,1,U R,2
818,3,3,3,3,5,5,1,1,4,4,5,5,0,0,0,0,2,2,4,4,1,1,2,2,U,1
819,2,2,5,5,4,0,3,1,3,3,1,1,2,2,5,5,3,1,4,0,4,4,0,0,F2 U',2
820,0,0,1,1,0,4,0,4,5,5,5,5,4,4,3,3,1,3,1,3,2,2,2,2,F',1
821,4,2,4,0,5,0,5,0,2,1,0,1,1,3,1,5,3,3,2,2,4,5,4,3,R' U,2
822,3,1,4,0,5,2,5,2,0,1,0,1,1,3,0,4,5,2,5,2,3,4,3,4,F2 R',2
823,3,4,1,1,3,0,4,0,2,2,5,5,3,3,0,1,4,0,4,1,5,2,5,2,F R2 F,3
824,4,5,4,1,2,0,3,1,5,0,3,2,5,4,1,2,0,0,3,4,1,2,3,5,R U F U,4
825,1,5,3,0,2,3,0,4,1,4,1,5,2,4,3,3,0,5,1,0,4,5,2,2,U2 F U F2,4
826,5,5,2,2,1,4,1,4,0,3,0,3,5,5,2,2,4,1,4,1,0,3,0,3,R2 F2,2
827,2,1,2,3,1,0,1,3,3,5,4,5,5,0,2,4,4,4,3,0,2,0,5,1,R U' F2,3
828,0,0,2,2,3,2,3,2,4,4,4,4,5,5,3,3,5,0,5,0,1,1,1,1,F,1
829,2,0,3,2,4,1,4,4,5,0,2,0,0,5,5,3,1,4,1,1,5,3,2,3,F2 R' F2,3
830,2,2,3,3,2,0,2,0,1,1,1,1,0,0,5,5,3,5,3,5,4,4,4,4,F',1
831,3,2,3,2,4,4,4,4,2,0,2,0,0,5,0,5,1,1,1,1,3,5,3,5,R',1
832,1,0,1,5,0,2,1,2,0,4,0,2,2,3,4,4,5,5,5,4,1,3,3,3,U F' U',3
833,4,4,4,2,1,3,3,2,5,3,5,4,1,5,3,1,0,0,5,0,2,2,0,1,F U R',3
834,3,3,4,2,3,5,5,4,5,4,4,0,0,1,0,5,2,0,2,2,1,1,3,1,U' R' U,3
835,2,2,2,2,3,3,4,4,4,4,0,0,5,5,5,5,0,0,1,1,1,1,3,3,U',1
836,3,5,2,0,4,1,3,2,0,5,4,1,3,2,5,0,4,1,0,5,3,2,4,1,U R2 F',3
837,0,0,3,3,4,4,4,4,2,2,5,5,3,3,0,0,1,1,1,1,2,2,5,5,F2 U2 F2,3
838,0,1,5,1,5,5,0,3,4,3,1,5,2,4,3,1,2,3,2,0,0,4,2,4,R F R2,3
839,2,2,5,5,4,0,3,1,0,3,4,1,2,2,5,5,0,4,1,3,4,1,0,3,R2 F2 U',3
840,0,1,4,3,1,0,4,3,2,5,2,5,4,3,0,1,4,3,1,0,2,5,2,5,U2 R2 F',3
841,5,2,5,2,0,0,1,1,0,1,4,3,2,5,2,5,4,4,3,3,4,3,0,1,R2 U',2
842,3,2,3,2,1,1,1,1,5,3,5,3,0,5,0,5,4,4,4,4,0,2,0,2,R,1
843,5,5,1,3,2,1,0,1,0,1,0,5,2,4,2,0,4,5,4,4,3,3,2,3,U' R U,3
844,3,3,5,4,0,5,0,4,4,2,4,2,2,1,0,0,2,3,1,3,1,1,5,5,F U',2
845,3,5,3,5,4,4,1,1,2,3,0,5,2,0,2,0,1,1,4,4,0,5,2,3,U2 R,2
846,3,1,5,0,4,0,5,0,4,5,4,1,2,3,0,4,2,3,1,3,2,1,2,5,R2 F U',3
847,4,4,0,5,1,0,1,5,2,0,2,0,3,2,1,1,3,4,2,4,5,5,3,3,F U,2
848,3,5,4,0,1,3,5,3,5,2,5,1,1,3,0,2,2,0,4,0,4,1,4,2,R2 F' U,3
849,0,2,1,1,0,4,0,0,5,5,1,5,3,4,5,4,1,3,3,2,3,2,2,4,U' R' F,3
850,2,0,3,2,1,1,1,4,5,3,2,3,0,5,5,3,4,4,4,1,5,0,2,0,F2 R F2,3
851,4,2,0,0,1,3,2,0,2,2,1,4,0,3,1,5,3,4,3,5,1,5,4,5,F' R' F2,3
852,3,5,2,4,0,4,0,3,1,2,3,2,5,1,0,2,1,3,1,4,0,5,4,5,F2 R F',3
853,4,3,5,1,2,5,0,5,4,0,4,5,2,4,1,0,0,3,2,3,1,2,1,3,F2 R U',3
854,5,3,1,1,5,4,3,4,3,3,2,2,4,4,2,0,1,2,1,0,5,0,5,0,F' R',2
855,1,1,4,4,0,3,2,2,2,2,0,3,4,1,4,1,0,3,5,5,5,5,0,3,U' R2,2
856,3,0,1,2,3,5,4,3,5,4,2,2,0,0,5,4,2,3,0,1,4,1,5,1,U2 F' R U2,4
857,0,5,0,5,1,1,2,0,2,0,4,4,3,3,2,2,4,4,3,5,3,5,1,1,U' F,2
858,5,5,2,2,0,3,0,3,4,1,4,1,5,5,2,2,3,0,3,0,4,1,4,1,R2 F2,2
859,3,5,2,0,2,0,2,0,1,4,1,4,5,3,0,2,5,3,5,3,1,4,1,4,R2 F,2
860,3,3,1,1,3,4,1,0,2,2,5,5,0,0,4,4,1,0,3,4,5,5,2,2,U2 F',2
861,4,3,0,4,0,1,0,4,5,2,2,2,3,1,1,0,3,1,3,4,2,5,5,5,R2 F R2,3
862,1,2,1,2,3,3,2,4,2,4,0,0,4,4,5,5,0,0,1,5,1,5,3,3,U' F',2
863,4,4,4,4,5,5,0,0,0,0,2,2,1,1,1,1,2,2,3,3,3,3,5,5,U',1
864,1,0,1,2,1,5,0,0,5,3,5,1,4,5,4,4,2,3,3,3,4,0,2,2,F' U F,3
865,3,3,1,5,0,1,0,5,5,4,5,4,4,2,0,0,4,3,2,3,2,2,1,1,F U',2
866,2,0,3,3,1,4,5,4,5,5,0,4,1,0,5,3,1,4,0,2,2,3,2,1,F R' U,3
867,0,4,0,4,2,2,4,3,4,3,5,5,3,3,1,1,5,5,0,1,0,1,2,2,U' F',2
868,0,5,5,3,4,1,1,1,0,2,0,5,2,0,3,2,1,4,4,4,3,2,3,5,F2 R U2,3
869,2,4,3,0,2,3,1,3,1,4,5,5,0,0,5,1,0,5,3,4,2,1,2,4,F' R' U2,3
870,3,0,3,0,1,4,2,5,1,2,5,4,0,3,0,3,2,5,1,4,2,1,4,5,F2 R2 U',3
871,4,5,4,2,0,3,0,3,5,1,2,1,1,5,1,2,0,0,3,3,4,2,4,5,R' U2,2
872,2,3,1,1,2,4,3,4,0,0,2,2,4,4,5,0,1,5,1,0,5,3,5,3,F' R,2
873,5,1,5,4,3,0,3,0,1,5,4,5,2,1,2,4,0,0,3,3,2,4,2,1,R U2,2
874,4,3,5,3,5,5,1,1,0,4,0,5,2,0,1,0,2,4,2,4,1,3,2,3,R F,2
875,0,4,2,4,5,5,0,0,1,0,1,2,5,1,3,1,2,3,2,3,3,4,5,4,R F',2
876,3,3,0,0,2,5,1,1,4,4,2,5,3,0,3,0,2,5,4,4,1,1,2,5,U R2,2
877,1,1,0,2,1,5,1,3,2,3,2,3,3,5,4,4,2,4,0,4,0,0,5,5,F' U',2
878,2,2,0,0,2,3,1,1,4,4,2,3,3,5,3,5,0,5,4,4,1,1,0,5,U R',2
879,4,1,4,1,2,2,3,0,3,0,2,2,4,4,1,1,5,5,3,0,3,0,5,5,U F2,2
880,1,4,1,4,0,0,5,5,3,2,5,0,4,1,4,1,2,2,3,3,5,0,3,2,R2 U,2
881,4,3,4,3,2,2,3,1,3,1,5,5,1,1,0,0,5,5,4,0,4,0,2,2,U' F',2
882,5,3,5,0,1,4,1,4,3,2,0,2,2,3,2,0,1,1,4,4,5,0,5,3,R' U2,2
883,5,0,2,3,1,1,4,4,0,5,3,2,2,0,5,3,4,1,4,1,5,3,2,0,R U2 F2,3
884,5,4,1,2,1,2,4,5,0,3,0,3,1,2,5,4,4,5,1,2,0,3,0,3,U2 R2 F,3
885,2,3,4,0,1,5,2,4,3,2,0,4,5,3,1,0,4,5,2,1,1,0,5,3,R U2 F',3
886,5,0,2,3,1,4,1,4,3,5,0,2,5,3,2,0,4,4,1,1,2,3,5,0,R F2 U2,3
887,3,0,3,0,2,2,5,5,5,4,5,4,3,0,3,0,4,4,1,1,1,2,1,2,U2 R2 U,3
888,0,5,2,3,4,1,4,1,0,2,0,2,5,0,3,2,4,1,4,1,3,5,3,5,F2 R,2
889,2,2,4,4,2,1,2,1,3,3,3,3,1,1,5,5,4,5,4,5,0,0,0,0,F',1
890,4,3,4,0,5,2,5,2,3,1,0,1,1,3,1,0,5,5,2,2,4,0,4,3,R' U2,2
891,1,1,4,4,0,5,0,5,2,2,5,5,4,4,1,1,2,3,2,3,0,0,3,3,U2 F2 U',3
892,4,4,1,1,2,5,3,3,0,0,2,5,4,1,4,1,2,5,0,0,3,3,2,5,U R2,2
893,4,0,4,0,2,2,5,5,3,4,1,0,3,1,3,1,5,5,2,2,1,0,3,4,U2 R,2
894,4,0,3,2,3,2,1,1,5,4,5,2,0,3,1,3,0,4,5,4,1,2,5,0,R F U,3
895,5,5,0,0,2,0,1,1,4,4,2,0,3,2,3,2,3,5,4,4,1,1,3,5,U R,2
896,4,2,3,3,5,4,2,3,2,4,1,1,0,0,0,5,0,1,5,5,3,2,1,4,R' U R U2,4
897,4,5,5,0,4,3,3,3,3,5,1,1,2,2,1,2,0,1,5,0,4,2,4,0,F' R' U,3
898,4,3,3,1,2,1,4,2,5,0,1,3,0,2,5,0,5,4,1,5,2,0,4,3,F2 R' U2 F,4
899,2,2,4,2,3,3,3,1,5,4,3,4,1,5,0,5,0,0,4,5,1,1,0,2,F' U R,3
900,5,3,5,3,4,1,4,1,1,2,1,2,5,0,5,0,0,0,3,3,2,4,2,4,R' U2 R2 U',4
901,1,1,1,1,2,2,5,5,0,0,3,3,4,4,4,4,5,5,2,2,3,3,0,0,U2,1
902,2,0,1,4,2,1,3,2,5,3,0,4,1,5,4,3,4,3,0,2,5,0,1,5,U R' F2 U,4
903,2,2,2,2,0,0,1,1,1,1,3,3,5,5,5,5,3,3,4,4,4,4,0,0,U',1
904,5,2,5,2,1,4,1,4,0,3,0,3,2,5,2,5,1,4,1,4,3,0,3,0,F2 R2,2
905,3,3,2,2,3,5,1,1,4,4,3,5,5,0,5,0,2,0,4,4,1,1,2,0,U R',2
906,2,2,3,3,5,3,4,4,4,4,0,2,5,0,5,0,0,2,1,1,1,1,5,3,U' R,2
907,0,1,5,5,4,5,3,5,3,3,1,1,2,2,3,4,2,1,2,0,0,4,0,4,F R',2
908,2,2,3,5,0,4,1,2,1,4,2,5,0,0,5,3,4,5,3,1,3,0,1,4,R2 F2 U F,4
909,0,0,3,0,2,1,2,2,1,4,2,4,0,3,3,3,4,5,4,1,5,5,1,5,U' R2 U F2,4
910,4,1,0,5,0,2,1,2,2,4,3,0,1,2,1,4,3,4,5,5,3,5,3,0,R U' R,3
911,5,2,2,5,4,1,4,1,3,3,0,0,2,5,5,2,1,4,1,4,0,0,3,3,R2 U2 F2,3
912,3,4,1,0,1,0,1,0,5,2,5,2,4,3,0,1,4,3,4,3,5,2,5,2,R2 F,2
913,5,5,5,0,1,3,5,3,1,2,0,1,2,3,1,2,0,0,2,4,4,4,4,3,R' U' F,3
914,3,3,3,3,4,4,5,5,2,2,4,4,0,0,0,0,1,1,2,2,5,5,1,1,U,1
915,3,3,2,2,3,5,4,4,4,4,2,0,0,5,0,5,2,0,1,1,1,1,3,5,U' R',2
916,3,5,5,5,1,1,1,5,0,0,4,0,2,2,0,3,2,4,4,3,3,1,4,2,R' F U F',4
917,2,0,1,1,3,1,5,1,2,2,3,3,4,4,5,3,4,0,4,2,5,0,5,0,F R,2
918,1,1,0,3,1,0,5,5,2,5,1,3,0,4,3,4,3,4,2,5,2,2,0,4,U R' F2,3
919,1,4,0,2,1,5,4,0,5,3,5,0,3,5,4,4,2,1,3,1,3,0,2,2,F' U F2,3
920,0,2,3,2,4,4,0,2,5,0,1,1,5,5,0,3,1,4,5,3,3,2,1,4,U F R2,3
921,5,0,3,0,1,1,3,2,1,2,0,4,2,5,2,3,0,5,4,4,5,4,1,3,R2 U' R,3
922,4,4,2,3,4,0,4,5,0,2,0,2,5,0,1,1,3,1,2,1,5,5,3,3,F' U,2
923,4,0,1,0,2,2,5,5,3,4,3,1,4,3,1,3,5,2,5,2,1,0,4,0,R F2,2
924,5,1,5,5,0,0,1,2,4,4,0,5,2,0,2,4,3,3,3,4,2,1,3,1,F' R F,3
925,1,1,5,3,1,0,1,2,0,5,0,5,2,0,4,4,3,4,5,4,2,2,3,3,F' U,2
926,1,5,1,5,0,0,1,2,5,4,0,0,2,2,4,4,3,3,5,4,1,2,3,3,U F',2
927,3,1,3,2,4,2,4,2,1,0,2,0,0,5,0,4,5,5,1,1,3,4,3,5,R' U,2
928,2,4,2,4,3,3,3,3,4,5,4,5,5,1,5,1,0,0,0,0,2,1,2,1,R',1
929,3,4,0,0,5,2,4,3,1,1,5,3,3,2,0,1,5,2,5,1,0,4,2,4,F' R F',3
930,2,0,2,0,1,1,3,2,3,2,4,4,5,5,3,3,4,4,5,0,5,0,1,1,U' F,2
931,3,5,3,5,1,1,4,4,5,0,3,2,2,0,2,0,4,4,1,1,3,2,5,0,U2 R',2
932,2,5,3,5,1,1,3,5,4,0,5,1,0,2,0,3,0,2,4,4,3,1,4,2,R2 U R,3
933,3,2,5,0,1,4,1,4,0,2,0,2,2,3,0,5,1,4,1,4,3,5,3,5,F2 R',2
934,4,2,4,2,0,0,4,5,2,1,0,0,5,5,1,1,3,3,2,1,4,5,3,3,U F',2
935,3,2,3,4,2,1,2,1,1,3,5,3,0,1,0,5,5,5,4,4,0,4,0,2,R U',2
936,5,0,1,4,5,1,3,1,5,0,0,2,1,4,0,2,4,3,4,2,5,3,3,2,F' U2 R' F2,4
937,5,5,0,3,5,0,5,3,1,4,1,4,3,0,2,2,3,2,0,2,1,1,4,4,F' U2,2
938,4,4,5,5,4,2,0,0,3,3,4,2,2,1,2,1,5,1,3,3,0,0,5,1,U R',2
939,3,0,3,2,3,2,4,2,1,4,2,0,4,5,0,3,5,5,1,0,1,4,1,5,R' U F',3
940,5,2,4,4,5,1,2,1,0,0,3,3,1,1,2,5,4,2,4,5,0,3,0,3,F' R2,2
941,1,2,1,2,0,0,5,1,5,1,3,3,4,4,5,5,3,3,4,2,4,2,0,0,U' F,2
942,3,5,3,2,4,1,4,1,5,0,2,0,0,5,0,2,4,4,1,1,3,2,3,5,R' U2,2
943,3,3,0,0,4,1,2,2,5,5,4,1,3,0,3,0,4,1,5,5,2,2,4,1,U R2,2
944,0,0,3,3,5,2,5,2,4,4,4,4,0,0,3,3,5,2,5,2,1,1,1,1,F2,1
945,2,4,3,4,2,0,0,0,1,3,2,2,1,1,5,1,4,5,3,3,5,0,5,4,F' R U,3
946,4,0,1,0,2,2,5,5,0,4,0,1,4,3,1,3,2,5,2,5,1,3,4,3,R' F2,2
947,0,5,0,5,1,1,3,5,2,0,1,1,2,2,3,3,4,4,2,0,3,5,4,4,U F,2
948,5,2,3,3,5,3,2,3,4,4,1,1,0,0,2,5,0,2,0,5,1,4,1,4,F R2,2
949,4,1,4,2,0,5,1,5,0,1,2,3,1,5,3,4,2,2,4,3,0,3,0,5,R' U' F',3
950,4,4,0,0,4,3,5,5,5,5,0,1,1,3,1,3,0,1,2,2,2,2,4,3,U' R',2
951,4,4,1,1,0,3,0,3,5,5,2,2,1,1,4,4,0,3,0,3,2,2,5,5,U2 F2,2
952,1,2,0,0,1,3,2,3,2,2,4,4,3,3,4,5,0,4,0,5,1,5,1,5,F' R',2
953,4,0,4,2,0,5,0,5,0,1,2,1,1,5,1,3,2,2,3,3,4,3,4,5,R' U',2
954,2,5,3,1,2,0,5,4,1,0,3,4,4,0,5,2,1,5,3,2,1,3,0,4,F' R2 U',3
955,4,4,0,0,4,3,2,2,5,5,4,3,3,1,3,1,0,1,5,5,2,2,0,1,U R',2
956,5,4,3,3,1,3,2,3,5,5,1,1,0,0,2,1,0,4,0,5,2,4,2,4,F R,2
957,0,3,4,2,0,5,3,4,2,1,2,4,1,5,0,0,2,3,1,3,1,4,5,5,F' U' F2,3
958,3,3,0,0,1,4,1,4,5,2,5,2,3,3,0,0,4,1,4,1,5,2,5,2,R2 F2,2
959,4,1,0,2,4,3,1,5,5,0,3,2,5,3,1,4,2,1,0,4,5,3,0,2,F' R2 U,3
960,3,0,3,0,1,1,4,4,2,2,5,5,0,3,0,3,1,1,4,4,5,5,2,2,R2 U2,2
961,0,2,0,2,1,1,4,4,2,3,0,5,5,3,5,3,4,4,1,1,0,5,2,3,U2 R',2
962,1,5,0,0,1,3,5,3,2,2,1,1,3,3,4,2,0,4,0,2,4,5,4,5,F' R,2
963,5,4,5,4,0,0,5,1,4,2,0,0,1,1,2,2,3,3,4,2,5,1,3,3,U F',2
964,2,0,2,4,3,4,2,1,0,5,3,4,1,3,5,5,1,1,4,5,2,3,0,0,U F' U,3
965,0,2,3,1,5,4,5,5,2,3,2,3,0,4,0,4,2,1,1,1,3,4,0,5,R' U R2 U',4
966,1,1,3,5,1,2,2,2,5,0,1,0,2,4,0,4,5,4,5,0,3,3,3,4,U R' F',3
967,0,0,4,4,0,1,2,2,2,2,4,3,3,1,3,1,4,3,5,5,5,5,0,1,U' R',2
968,2,1,2,4,0,3,0,3,1,2,4,2,5,1,5,4,3,3,0,0,5,4,5,1,R U2,2
969,0,0,4,0,5,5,2,2,3,1,3,3,1,1,3,1,2,5,2,5,4,4,0,4,R F2 R',3
970,0,2,3,2,4,4,1,1,2,0,2,3,0,5,3,5,4,1,4,1,3,5,0,5,R' F2,2
971,5,1,4,4,0,3,1,5,2,2,5,0,4,2,1,0,0,3,2,3,5,4,1,3,U2 F U' R,4
972,0,3,1,2,0,1,3,2,5,1,4,2,5,4,3,0,5,3,4,0,2,1,4,5,F R2 U,3
973,2,4,1,5,1,5,1,5,3,0,3,0,4,2,5,1,4,2,4,2,3,0,3,0,R2 F,2
974,1,4,1,4,5,5,5,5,3,0,3,0,4,1,4,1,2,2,2,2,3,0,3,0,R2,1
975,3,3,2,2,0,2,1,1,1,1,5,3,0,5,0,5,5,3,4,4,4,4,0,2,U' R,2
976,5,4,5,4,3,3,3,3,1,5,1,5,2,1,2,1,0,0,0,0,2,4,2,4,R,1
977,4,1,4,1,3,3,5,5,0,2,5,3,1,4,1,4,2,2,0,0,5,3,0,2,R2 U,2
978,3,3,4,4,3,1,3,1,5,5,5,5,1,1,0,0,4,0,4,0,2,2,2,2,F',1
979,5,2,3,2,4,4,3,2,1,0,2,4,0,5,0,3,0,5,1,1,3,4,1,5,R2 U R,3
980,4,4,4,1,0,2,2,3,2,5,3,3,1,1,1,4,5,3,0,5,0,0,5,2,F2 U' R2,3
981,5,3,2,0,4,1,4,0,3,5,1,5,2,3,2,1,3,4,0,0,2,1,5,4,R' U' R2 U',4
982,5,0,3,3,5,4,1,0,4,4,5,3,0,5,2,2,1,2,3,4,2,0,1,1,F2 U F,3
983,4,0,5,3,2,1,4,5,0,1,3,2,1,0,2,3,2,4,1,5,5,3,4,0,R' U2 F,3
984,3,5,3,1,2,4,2,5,2,0,0,4,2,3,4,0,1,1,5,4,0,5,1,3,U2 R' F' U2,4
985,0,2,0,1,2,4,2,4,4,0,5,0,3,4,3,5,5,5,1,1,3,1,3,2,R U',2
986,3,0,3,0,1,4,1,4,5,2,5,2,0,3,0,3,1,4,1,4,2,5,2,5,F2 R2,2
987,1,1,3,2,4,3,4,2,2,0,2,0,0,5,4,4,0,1,5,1,5,5,3,3,F U',2
988,2,5,2,5,0,0,1,4,1,4,3,3,5,5,2,2,3,3,1,4,1,4,0,0,U' F2,2
989,3,3,5,2,3,5,5,0,1,4,4,4,0,0,5,2,2,0,3,2,1,1,1,4,U2 F' R2,3
990,5,3,4,1,0,1,5,5,0,5,0,3,1,4,2,4,3,2,4,2,2,1,0,3,R F' U,3
991,0,0,4,4,3,4,5,5,5,5,1,0,3,1,3,1,1,0,2,2,2,2,3,4,U' R,2
992,4,1,4,1,2,2,5,5,3,0,3,0,4,1,4,1,5,5,2,2,3,0,3,0,U2 R2,2
993,0,2,3,2,4,4,1,1,5,0,5,3,0,5,3,5,1,4,1,4,3,2,0,2,R F2,2
994,0,4,1,4,5,5,2,2,3,0,3,1,4,0,3,0,5,2,5,2,3,1,4,1,R' F2 R',3
995,1,1,0,0,1,3,3,4,2,2,5,2,4,4,0,0,3,4,1,3,5,2,5,5,U2 F U2 F2,4
996,1,4,1,4,5,5,3,3,2,0,3,5,4,1,4,1,0,0,2,2,3,5,2,0,R2 U,2
997,3,3,0,0,2,1,1,1,4,4,4,5,3,0,3,0,4,5,5,5,2,2,2,1,U R2 U',3
998,5,1,4,2,0,3,0,3,2,1,2,1,1,5,2,4,0,3,0,3,5,4,5,4,F2 R',2
999,2,5,2,5,1,1,3,0,3,0,1,1,2,2,5,5,4,4,3,0,3,0,4,4,U F2,2
